leg_id,full_name,first_name,middle_name,last_name,suffixes,nickname,active,state,chamber,district,party,photo_url,created_at,updated_at
TXL000182,Kip Averitt,Kip,,Averitt,,,False,tx,,,,http://www.legdir.legis.state.tx.us/FlashCardDocs/images/Senate/small/A1060.jpg,2010-06-19 03:51:42.033000,2011-01-11 18:41:26.081000
TXL000183,John Carona,John,,Carona,,,False,tx,,,,http://www.legdir.legis.state.tx.us/FlashCardDocs/images/Senate/small/A1150.jpg,2010-06-19 03:51:42.035000,2015-01-07 22:02:52.111000
TXL000184,Wendy Davis,Wendy,,Davis,,,False,tx,,,,http://www.legdir.legis.state.tx.us/FlashCardDocs/images/Senate/small/A1155.jpg,2010-06-19 03:51:42.049000,2015-01-07 22:02:52.109000
TXL000185,Bob Deuell,Bob,,Deuell,,,False,tx,,,,http://www.legdir.legis.state.tx.us/FlashCardDocs/images/Senate/small/A1160.jpg,2010-06-19 03:51:42.051000,2015-01-07 22:02:52.115000
TXL000186,David Dewhurst,David,,Dewhurst,,,False,tx,,,Republican,http://upload.wikimedia.org/wikipedia/commons/f/f2/David_Dewhurst.jpg,2010-06-19 03:51:42.053000,2016-05-02 08:30:02.125000
TXL000187,Robert Duncan,Robert,,Duncan,,,False,tx,,,,http://www.legdir.legis.state.tx.us/FlashCardDocs/images/Senate/small/A1165.jpg,2010-06-19 03:51:42.056000,2014-10-07 13:44:56.305000
TXL000188,Rodney Ellis,Rodney,,Ellis,,,False,tx,,,,http://www.legdir.legis.state.tx.us/FlashCardDocs/images/Senate/small/A1185.jpg,2010-06-19 03:51:42.058000,2017-01-29 04:46:05.442000
TXL000189,Kevin Eltife,Kevin,,Eltife,,,False,tx,,,,http://www.legdir.legis.state.tx.us/FlashCardDocs/images/Senate/small/A1225.jpg,2010-06-19 03:51:42.061000,2017-01-29 04:46:01.141000
TXL000191,Troy Fraser,Troy,,Fraser,,,False,tx,,,,http://www.legdir.legis.state.tx.us/FlashCardDocs/images/Senate/small/A1190.jpg,2010-06-19 03:51:42.066000,2017-01-29 04:46:09.473000
TXL000192,Mario Gallegos Jr.,Mario,,Gallegos,Jr.,,False,tx,,,,http://www.legdir.legis.state.tx.us/FlashCardDocs/images/Senate/small/A1245.jpg,2010-06-19 03:51:42.068000,2013-01-09 00:29:36.965000
TXL000193,Chris Harris,Chris,,Harris,,,False,tx,,,,http://www.legdir.legis.state.tx.us/FlashCardDocs/images/Senate/small/A1215.jpg,2010-06-19 03:51:42.071000,2013-01-09 00:29:36.967000
TXL000194,Glenn Hegar,Glenn,,Hegar,,,False,tx,,,,http://www.legdir.legis.state.tx.us/FlashCardDocs/images/Senate/small/A1230.jpg,2010-06-19 03:51:42.073000,2015-01-07 22:02:52.113000
TXL000197,Mike Jackson,Mike,,Jackson,,,False,tx,,,,http://www.legdir.legis.state.tx.us/FlashCardDocs/images/Senate/small/A1270.jpg,2010-06-19 03:51:42.081000,2013-01-09 00:29:36.968000
TXL000201,Steve Ogden,Steve,,Ogden,,,False,tx,,,,http://www.legdir.legis.state.tx.us/FlashCardDocs/images/Senate/small/A1415.jpg,2010-06-19 03:51:42.090000,2013-01-09 00:29:36.969000
TXL000204,Florence Shapiro,Florence,,Shapiro,,,False,tx,,,,http://www.legdir.legis.state.tx.us/FlashCardDocs/images/Senate/small/A1530.jpg,2010-06-19 03:51:42.098000,2013-01-09 00:29:36.971000
TXL000205,Eliot Shapleigh,Eliot,,Shapleigh,,,False,tx,,,,http://www.legdir.legis.state.tx.us/FlashCardDocs/images/Senate/small/A1540.jpg,2010-06-19 03:51:42.100000,2011-01-11 18:41:26.081000
TXL000207,Leticia Van de Putte,Leticia,,Van de Putte,,,False,tx,,,,http://www.legdir.legis.state.tx.us/FlashCardDocs/images/Senate/small/A1615.jpg,2010-06-19 03:51:42.105000,2015-03-11 15:26:42.272000
TXL000209,Jeff Wentworth,Jeff,,Wentworth,,,False,tx,,,,http://www.legdir.legis.state.tx.us/FlashCardDocs/images/Senate/small/A1620.jpg,2010-06-19 03:51:42.110000,2013-01-09 00:29:36.972000
TXL000212,Tommy Williams,Tommy,,Williams,,,False,tx,,,,http://www.legdir.legis.state.tx.us/FlashCardDocs/images/Senate/small/A1655.jpg,2010-06-19 03:51:42.128000,2014-10-06 15:07:58.902000
TXL000219,Jimmie Don Aycock,Jimmie Don,,Aycock,,,False,tx,,,,http://www.house.state.tx.us/photos/members/2145.jpg,2010-06-19 03:51:42.144000,2017-06-01 10:35:57.369000
TXL000220,Leo Berman,Leo,,Berman,,,False,tx,,,,http://www.legdir.legis.state.tx.us/FlashCardDocs/images/House/small/A2205.jpg,2010-06-19 03:51:42.147000,2013-01-09 00:29:36.912000
TXL000222,Valinda Bolton,Valinda,,Bolton,,,False,tx,,,,http://www.legdir.legis.state.tx.us/FlashCardDocs/images/House/small/A2240.jpg,2010-06-19 03:51:42.152000,2011-01-11 18:41:26.074000
TXL000224,Dan Branch,Dan,,Branch,,,False,tx,,,,http://www.legdir.legis.state.tx.us/FlashCardDocs/images/House/small/A2280.jpg,2010-06-19 03:51:42.156000,2015-01-07 22:02:52.037000
TXL000225,Betty Brown,Betty,,Brown,,,False,tx,,,,http://www.legdir.legis.state.tx.us/FlashCardDocs/images/House/small/A2265.jpg,2010-06-19 03:51:42.175000,2011-01-11 18:41:26.071000
TXL000226,Fred Brown,Fred,,Brown,,,False,tx,,,,http://www.legdir.legis.state.tx.us/FlashCardDocs/images/House/small/A2270.jpg,2010-06-19 03:51:42.177000,2012-06-01 18:16:47.052000
TXL000227,Lon Burnam,Lon,,Burnam,,,False,tx,,,,http://www.legdir.legis.state.tx.us/FlashCardDocs/images/House/small/A2255.jpg,2010-06-19 03:51:42.179000,2015-01-07 22:02:52.093000
TXL000229,William Callegari,William,,Callegari,,,False,tx,,,,http://www.legdir.legis.state.tx.us/FlashCardDocs/images/House/small/A2295.jpg,2010-06-19 03:51:42.184000,2015-01-07 22:02:52.049000
TXL000230,Joaquin Castro,Joaquin,,Castro,,,False,tx,,,,http://www.legdir.legis.state.tx.us/FlashCardDocs/images/House/small/A2495.jpg,2010-06-19 03:51:42.186000,2013-01-09 00:29:36.914000
TXL000231,Norma Chavez,Norma,,Chavez,,,False,tx,,,,http://www.legdir.legis.state.tx.us/FlashCardDocs/images/House/small/A2585.jpg,2010-06-19 03:51:42.189000,2011-01-11 18:41:26.077000
TXL000232,Warren Chisum,Warren,,Chisum,,,False,tx,,,,http://www.legdir.legis.state.tx.us/FlashCardDocs/images/House/small/A2480.jpg,2010-06-19 03:51:42.191000,2013-01-09 00:29:36.915000
TXL000233,Wayne Christian,Wayne,,Christian,,,False,tx,,,,http://www.legdir.legis.state.tx.us/FlashCardDocs/images/House/small/A2525.jpg,2010-06-19 03:51:42.193000,2013-01-09 00:29:36.917000
TXL000234,Ellen Cohen,Ellen,,Cohen,,,False,tx,,,,http://www.legdir.legis.state.tx.us/FlashCardDocs/images/House/small/A2425.jpg,2010-06-19 03:51:42.196000,2011-01-11 18:41:26.067000
TXL000237,Frank Corte Jr.,Frank,,Corte,Jr.,,False,tx,,,,http://www.legdir.legis.state.tx.us/FlashCardDocs/images/House/small/A2595.jpg,2010-06-19 03:51:42.203000,2011-01-11 18:41:26.066000
TXL000238,Joe Crabb,Joe,,Crabb,,,False,tx,,,,http://www.legdir.legis.state.tx.us/FlashCardDocs/images/House/small/A2605.jpg,2010-06-19 03:51:42.205000,2011-01-11 18:41:26.066000
TXL000241,Myra Crownover,Myra,,Crownover,,,False,tx,,,,http://www.house.state.tx.us/photos/members/2640.jpg,2010-06-19 03:51:42.212000,2017-04-10 02:46:56.464000
TXL000243,John Davis,John,,Davis,,,False,tx,,,,http://www.legdir.legis.state.tx.us/FlashCardDocs/images/House/small/A2620.jpg,2010-06-19 03:51:42.217000,2015-01-07 22:02:52.044000
TXL000246,Joe Driver,Joe,,Driver,,,False,tx,,,,http://www.legdir.legis.state.tx.us/FlashCardDocs/images/House/small/A2705.jpg,2010-06-19 03:51:42.224000,2013-01-09 00:29:36.918000
TXL000248,Jim Dunnam,Jim,,Dunnam,,,False,tx,,,,http://www.legdir.legis.state.tx.us/FlashCardDocs/images/House/small/A2660.jpg,2010-06-19 03:51:42.248000,2011-01-11 18:41:26.076000
TXL000250,Al Edwards,Al,,Edwards,,,False,tx,,,,http://www.legdir.legis.state.tx.us/FlashCardDocs/images/House/small/A2770.jpg,2010-06-19 03:51:42.252000,2011-01-11 18:41:26.068000
TXL000251,Craig Eiland,Craig,,Eiland,,,False,tx,,,,http://www.legdir.legis.state.tx.us/FlashCardDocs/images/House/small/A2775.jpg,2010-06-19 03:51:42.255000,2015-01-07 22:02:52.065000
TXL000252,Rob Eissler,Rob,,Eissler,,,False,tx,,,,http://www.legdir.legis.state.tx.us/FlashCardDocs/images/House/small/A2780.jpg,2010-06-19 03:51:42.257000,2013-01-09 00:29:36.919000
TXL000254,Kirk England,Kirk,,England,,,False,tx,,,,http://www.legdir.legis.state.tx.us/FlashCardDocs/images/House/small/A2805.jpg,2010-06-19 03:51:42.262000,2011-01-11 18:41:26.063000
TXL000255,David Farabee,David,,Farabee,,,False,tx,,,,http://www.legdir.legis.state.tx.us/FlashCardDocs/images/House/small/A2795.jpg,2010-06-19 03:51:42.264000,2011-01-11 18:41:26.076000
TXL000256,Joe Farias,Joe,,Farias,,,False,tx,,,,http://www.legdir.legis.state.tx.us/FlashCardDocs/images/House/small/A2820.jpg,2010-06-19 03:51:42.286000,2016-04-27 19:43:37.883000
TXL000258,Allen Fletcher,Allen,,Fletcher,,,False,tx,,,,http://www.house.state.tx.us/photos/members/2830.jpg,2010-06-19 03:51:42.291000,2017-06-01 10:35:57.356000
TXL000259,Kino Flores,Kino,,Flores,,,False,tx,,,,http://www.legdir.legis.state.tx.us/FlashCardDocs/images/House/small/A2840.jpg,2010-06-19 03:51:42.293000,2011-01-11 18:41:26.071000
TXL000261,Stephen Frost,Stephen,,Frost,,,False,tx,,,,http://www.legdir.legis.state.tx.us/FlashCardDocs/images/House/small/A2860.jpg,2010-06-19 03:51:42.298000,2011-01-11 18:41:26.052000
TXL000262,Pete Gallego,Pete,,Gallego,,,False,tx,,,,http://www.legdir.legis.state.tx.us/FlashCardDocs/images/House/small/A2920.jpg,2010-06-19 03:51:42.300000,2013-01-09 00:29:36.920000
TXL000263,Dan Gattis,Dan,,Gattis,,,False,tx,,,,http://www.legdir.legis.state.tx.us/FlashCardDocs/images/House/small/A2960.jpg,2010-06-19 03:51:42.302000,2011-01-11 18:41:26.068000
TXL000266,Veronica Gonzales,Veronica,,Gonzales,,,False,tx,,,,http://www.legdir.legis.state.tx.us/FlashCardDocs/images/House/small/A2910.jpg,2010-06-19 03:51:42.310000,2013-01-09 00:29:36.921000
TXL000267,Yvonne Gonzalez Toureilles,Yvonne,,Gonzalez Toureilles,,,False,tx,,,,http://www.legdir.legis.state.tx.us/FlashCardDocs/images/House/small/A4660.jpg,2010-06-19 03:51:42.312000,2011-01-11 18:41:26.071000
TXL000270,Mike Hamilton,Mike,,Hamilton,,,False,tx,,,,http://www.legdir.legis.state.tx.us/FlashCardDocs/images/House/small/A3050.jpg,2010-06-19 03:51:42.329000,2013-01-09 00:29:36.922000
TXL000272,Rick Hardcastle,Rick,,Hardcastle,,,False,tx,,,,http://www.legdir.legis.state.tx.us/FlashCardDocs/images/House/small/A3160.jpg,2010-06-19 03:51:42.334000,2013-01-09 00:29:36.924000
TXL000273,Patricia Harless,Patricia,,Harless,,,False,tx,,,,http://www.house.state.tx.us/photos/members/3150.jpg,2010-06-19 03:51:42.336000,2017-06-01 10:35:57.375000
TXL000274,Linda Harper-Brown,Linda,,Harper-Brown,,,False,tx,,,,http://www.legdir.legis.state.tx.us/FlashCardDocs/images/House/small/A3165.jpg,2010-06-19 03:51:42.349000,2015-01-07 22:02:52.035000
TXL000275,Will Hartnett,Will,,Hartnett,,,False,tx,,,,http://www.legdir.legis.state.tx.us/FlashCardDocs/images/House/small/A3170.jpg,2010-06-19 03:51:42.351000,2013-01-09 00:29:36.926000
TXL000276,Joe Heflin,Joe,,Heflin,,,False,tx,,,,http://www.legdir.legis.state.tx.us/FlashCardDocs/images/House/small/A3175.jpg,2010-06-19 03:51:42.353000,2011-01-11 18:41:26.079000
TXL000279,Harvey Hilderbran,Harvey,,Hilderbran,,,False,tx,,,,http://www.legdir.legis.state.tx.us/FlashCardDocs/images/House/small/A3250.jpg,2010-06-19 03:51:42.361000,2015-01-07 22:02:52.072000
TXL000280,Scott Hochberg,Scott,,Hochberg,,,False,tx,,,,http://www.legdir.legis.state.tx.us/FlashCardDocs/images/House/small/A3305.jpg,2010-06-19 03:51:42.363000,2013-01-09 00:29:36.927000
TXL000281,Mark Homer,Mark,,Homer,,,False,tx,,,,http://www.legdir.legis.state.tx.us/FlashCardDocs/images/House/small/A3325.jpg,2010-06-19 03:51:42.365000,2011-01-11 18:41:26.069000
TXL000282,Chuck Hopson,Chuck,,Hopson,,,False,tx,,,,http://www.legdir.legis.state.tx.us/FlashCardDocs/images/House/small/A3330.jpg,2010-06-19 03:51:42.368000,2013-01-09 00:29:36.928000
TXL000284,Charlie Howard,Charlie,,Howard,,,False,tx,,,,http://www.legdir.legis.state.tx.us/FlashCardDocs/images/House/small/A3315.jpg,2010-06-19 03:51:42.373000,2013-01-09 00:29:36.930000
TXL000285,Bryan Hughes,Bryan,,Hughes,,,False,tx,,,,http://www.house.state.tx.us/photos/members/3340.jpg,2010-06-19 03:51:42.376000,2017-06-01 10:35:57.359000
TXL000287,Carl Isett,Carl,,Isett,,,False,tx,,,,http://www.legdir.legis.state.tx.us/FlashCardDocs/images/House/small/A3375.jpg,2010-06-19 03:51:42.381000,2011-01-11 18:41:26.079000
TXL000288,Jim Jackson,Jim,,Jackson,,,False,tx,,,,http://www.legdir.legis.state.tx.us/FlashCardDocs/images/House/small/A3350.jpg,2010-06-19 03:51:42.384000,2013-01-09 00:29:36.931000
TXL000290,Delwin Jones,Delwin,,Jones,,,False,tx,,,,http://www.legdir.legis.state.tx.us/FlashCardDocs/images/House/small/A3405.jpg,2010-06-19 03:51:42.389000,2011-01-11 18:41:26.078000
TXL000291,Jim Keffer,"James L. ""Jim""",,Keffer,,,False,tx,,,,http://www.house.state.tx.us/photos/members/3480.jpg,2010-06-19 03:51:42.391000,2017-06-01 10:35:57.367000
TXL000292,Carol Kent,Carol,,Kent,,,False,tx,,,,http://www.legdir.legis.state.tx.us/FlashCardDocs/images/House/small/A3420.jpg,2010-06-19 03:51:42.394000,2011-01-11 18:41:26.052000
TXL000293,Susan King,Susan Lewis,,King,,,False,tx,,,,http://www.house.state.tx.us/photos/members/3460.jpg,2010-06-19 03:51:42.397000,2017-06-01 10:35:57.378000
TXL000296,Tim Kleinschmidt,Tim,,Kleinschmidt,,,False,tx,,,,http://www.legdir.legis.state.tx.us/FlashCardDocs/images/House/small/A3430.jpg,2010-06-19 03:51:42.405000,2015-03-11 15:18:42.187000
TXL000298,Edmund Kuempel,Edmund,,Kuempel,,,False,tx,,,,http://www.legdir.legis.state.tx.us/FlashCardDocs/images/House/small/A3450.jpg,2010-06-19 03:51:42.410000,2011-01-11 18:41:26.073000
TXL000300,Ken Legler,Ken,,Legler,,,False,tx,,,,http://www.legdir.legis.state.tx.us/FlashCardDocs/images/House/small/A3550.jpg,2010-06-19 03:51:42.416000,2012-12-17 19:51:34.947000
TXL000301,David Leibowitz,David,,Leibowitz,,,False,tx,,,,http://www.legdir.legis.state.tx.us/FlashCardDocs/images/House/small/A3560.jpg,2010-06-19 03:51:42.418000,2011-01-11 18:41:26.064000
TXL000302,Tryon Lewis,Tryon,,Lewis,,,False,tx,,,,http://www.legdir.legis.state.tx.us/FlashCardDocs/images/House/small/A3570.jpg,2010-06-19 03:51:42.421000,2015-01-07 22:02:52.089000
TXL000304,Jerry Madden,Jerry,,Madden,,,False,tx,,,,http://www.legdir.legis.state.tx.us/FlashCardDocs/images/House/small/A3715.jpg,2010-06-19 03:51:42.426000,2013-01-09 00:29:36.932000
TXL000305,Diana Maldonado,Diana,,Maldonado,,,False,tx,,,,http://www.legdir.legis.state.tx.us/FlashCardDocs/images/House/small/A3720.jpg,2010-06-19 03:51:42.429000,2011-01-11 18:41:26.074000
TXL000306,Barbara Mallory Caraway,Barbara Mallory,,Caraway,,,False,tx,,,,http://www.legdir.legis.state.tx.us/FlashCardDocs/images/House/small/A3730.jpg,2010-06-19 03:51:42.431000,2013-01-09 00:29:36.933000
TXL000307,"Márquez, Marisa",Marisa,,Márquez,,,False,tx,,,,http://www.house.state.tx.us/photos/members/3750.jpg,2010-06-19 03:51:42.434000,2017-06-01 10:35:57.373000
TXL000309,Trey Martinez Fischer,Trey,,Martinez Fischer,,,False,tx,,,,http://www.house.state.tx.us/photos/members/2835.jpg,2010-06-19 03:51:42.439000,2017-06-01 10:35:57.381000
TXL000310,Ruth Jones McClendon,Ruth Jones,,McClendon,,,False,tx,,,,http://www.legdir.legis.state.tx.us/FlashCardDocs/images/House/small/A3650.jpg,2010-06-19 03:51:42.442000,2016-12-28 00:23:50.976000
TXL000311,Jim McReynolds,Jim,,McReynolds,,,False,tx,,,,http://www.legdir.legis.state.tx.us/FlashCardDocs/images/House/small/A3845.jpg,2010-06-19 03:51:42.444000,2011-01-11 18:41:26.065000
TXL000313,Tommy Merritt,Tommy,,Merritt,,,False,tx,,,,http://www.legdir.legis.state.tx.us/FlashCardDocs/images/House/small/A3840.jpg,2010-06-19 03:51:42.471000,2011-01-11 18:41:26.076000
TXL000314,Robert Miklos,Robert,,Miklos,,,False,tx,,,,http://www.legdir.legis.state.tx.us/FlashCardDocs/images/House/small/A3847.jpg,2010-06-19 03:51:42.473000,2011-01-11 18:41:26.052000
TXL000315,Doug Miller,Doug,,Miller,,,False,tx,,,,http://www.house.state.tx.us/photos/members/3848.jpg,2010-06-19 03:51:42.476000,2017-06-01 10:35:57.363000
TXL000316,Sid Miller,Sid,,Miller,,,False,tx,,,,http://www.legdir.legis.state.tx.us/FlashCardDocs/images/House/small/A3835.jpg,2010-06-19 03:51:42.490000,2013-01-09 00:29:36.935000
TXL000319,Elliott Naishtat,Elliott,,Naishtat,,,False,tx,,,,http://www.house.state.tx.us/photos/members/3885.jpg,2010-06-19 03:51:42.499000,2017-06-01 10:35:57.364000
TXL000321,Dora Olivo,Dora,,Olivo,,,False,tx,,,,http://www.legdir.legis.state.tx.us/FlashCardDocs/images/House/small/A3886.jpg,2010-06-19 03:51:42.505000,2011-01-11 18:41:26.069000
TXL000322,Rob Orr,Rob,,Orr,,,False,tx,,,,http://www.legdir.legis.state.tx.us/FlashCardDocs/images/House/small/A3930.jpg,2010-06-19 03:51:42.508000,2015-01-07 22:02:52.077000
TXL000323,Solomon Ortiz Jr.,Solomon,,Ortiz,Jr.,,False,tx,,,,http://www.legdir.legis.state.tx.us/FlashCardDocs/images/House/small/A3940.jpg,2010-06-19 03:51:42.511000,2011-01-11 18:41:26.070000
TXL000324,John Otto,John,,Otto,,,False,tx,,,,http://www.house.state.tx.us/photos/members/3945.jpg,2010-06-19 03:51:42.514000,2017-06-01 10:35:57.370000
TXL000326,Diane Patrick,Diane,,Patrick,,,False,tx,,,,http://www.legdir.legis.state.tx.us/FlashCardDocs/images/House/small/A4050.jpg,2010-06-19 03:51:42.520000,2015-01-07 22:02:52.106000
TXL000327,Ken Paxton,Ken,,Paxton,,,False,tx,,,,http://www.legdir.legis.state.tx.us/FlashCardDocs/images/Senate/small/A1020.jpg,2010-06-19 03:51:42.523000,2015-01-07 22:02:52.124000
TXL000328,Aaron Peña,Aaron,,Peña,,,False,tx,,,,http://www.legdir.legis.state.tx.us/FlashCardDocs/images/House/small/A4140.jpg,2010-06-19 03:51:42.526000,2013-01-09 00:29:36.938000
TXL000330,Jim Pitts,Jim,,Pitts,,,False,tx,,,,http://www.legdir.legis.state.tx.us/FlashCardDocs/images/House/small/A4185.jpg,2010-06-19 03:51:42.532000,2015-01-07 22:02:52.029000
TXL000332,Paula Pierson,Paula,,Pierson,,,False,tx,,,,http://www.legdir.legis.state.tx.us/FlashCardDocs/images/House/small/A4175.jpg,2010-06-19 03:51:42.538000,2011-01-11 18:41:26.080000
TXL000333,Chente Quintanilla,Chente,,Quintanilla,,,False,tx,,,,http://www.legdir.legis.state.tx.us/FlashCardDocs/images/House/small/A4230.jpg,2010-06-19 03:51:42.541000,2013-01-09 00:29:36.939000
TXL000335,Debbie Riddle,Debbie,,Riddle,,,False,tx,,,,http://www.house.state.tx.us/photos/members/4220.jpg,2010-06-19 03:51:42.546000,2017-06-01 10:35:57.361000
TXL000336,Tara Rios Ybarra,Tara,,Rios Ybarra,,,False,tx,,,,http://www.legdir.legis.state.tx.us/FlashCardDocs/images/House/small/A4225.jpg,2010-06-19 03:51:42.549000,2011-01-11 18:41:26.073000
TXL000337,Allan Ritter,Allan,,Ritter,,,False,tx,,,,http://www.legdir.legis.state.tx.us/FlashCardDocs/images/House/small/A4250.jpg,2010-06-19 03:51:42.552000,2015-01-07 22:02:52.055000
TXL000339,Patrick Rose,Patrick,,Rose,,,False,tx,,,,http://www.legdir.legis.state.tx.us/FlashCardDocs/images/House/small/A4350.jpg,2010-06-19 03:51:42.579000,2011-01-11 18:41:26.074000
TXL000340,Ralph Sheffield,Ralph,,Sheffield,,,False,tx,,,,http://www.legdir.legis.state.tx.us/FlashCardDocs/images/House/small/A4430.jpg,2010-06-19 03:51:42.582000,2015-01-07 22:02:52.074000
TXL000341,Mark Shelton,Mark,,Shelton,,,False,tx,,,,http://www.legdir.legis.state.tx.us/FlashCardDocs/images/House/small/A4450.jpg,2010-06-19 03:51:42.585000,2013-01-09 00:29:36.940000
TXL000342,Wayne Smith,Wayne,,Smith,,,False,tx,,,,http://www.house.state.tx.us/photos/members/4540.jpg,2010-06-19 03:51:42.588000,2017-06-01 10:35:57.383000
TXL000343,Todd Smith,Todd,,Smith,,,False,tx,,,,http://www.legdir.legis.state.tx.us/FlashCardDocs/images/House/small/A4525.jpg,2010-06-19 03:51:42.591000,2013-01-09 00:29:36.941000
TXL000345,Burt Solomons,Burt,,Solomons,,,False,tx,,,,http://www.legdir.legis.state.tx.us/FlashCardDocs/images/House/small/A4505.jpg,2010-06-19 03:51:42.598000,2013-01-09 00:29:36.942000
TXL000346,Mark Strama,Mark,,Strama,,,False,tx,,,,http://www.legdir.legis.state.tx.us/FlashCardDocs/images/House/small/A4545.jpg,2010-06-19 03:51:42.601000,2014-02-19 14:44:34.492000
TXL000348,David Swinford,David,,Swinford,,,False,tx,,,,http://www.legdir.legis.state.tx.us/FlashCardDocs/images/House/small/A4570.jpg,2010-06-19 03:51:42.607000,2011-01-11 18:41:26.079000
TXL000351,Kristi Thibaut,Kristi,,Thibaut,,,False,tx,,,,http://www.legdir.legis.state.tx.us/FlashCardDocs/images/House/small/A4625.jpg,2010-06-19 03:51:42.627000,2011-01-11 18:41:26.067000
TXL000353,Vicki Truitt,Vicki,,Truitt,,,False,tx,,,,http://www.legdir.legis.state.tx.us/FlashCardDocs/images/House/small/A4650.jpg,2010-06-19 03:51:42.634000,2013-01-09 00:29:36.945000
TXL000355,Sylvester Turner,Sylvester,,Turner,,,False,tx,,,,http://www.legdir.legis.state.tx.us/FlashCardDocs/images/House/small/A4685.jpg,2010-06-19 03:51:42.640000,2016-12-28 00:23:50.979000
TXL000356,Allen Vaught,Allen,,Vaught,,,False,tx,,,,http://www.legdir.legis.state.tx.us/FlashCardDocs/images/House/small/A4780.jpg,2010-06-19 03:51:42.644000,2011-01-11 18:41:26.063000
TXL000357,Marc Veasey,Marc,,Veasey,,,False,tx,,,,http://www.legdir.legis.state.tx.us/FlashCardDocs/images/House/small/A4725.jpg,2010-06-19 03:51:42.647000,2013-01-09 00:29:36.946000
TXL000358,Mike Villarreal,Mike,,Villarreal,,,False,tx,,,,http://www.legdir.legis.state.tx.us/FlashCardDocs/images/House/small/A4800.jpg,2010-06-19 03:51:42.650000,2015-03-11 15:21:52.992000
TXL000361,Randy Weber,Randy,,Weber,,,False,tx,,,,http://www.legdir.legis.state.tx.us/FlashCardDocs/images/House/small/A4950.jpg,2010-06-19 03:51:42.671000,2013-01-09 00:29:36.947000
TXL000362,Beverly Woolley,Beverly,,Woolley,,,False,tx,,,,http://www.legdir.legis.state.tx.us/FlashCardDocs/images/House/small/A5005.jpg,2010-06-19 03:51:42.674000,2013-01-09 00:29:36.948000
TXL000368,Jose Aliseda,Jose,,Aliseda,,,False,tx,,,,http://www.legdir.legis.state.tx.us/FlashCardDocs/images/House/small/A2055.jpg,2011-01-14 22:24:08.380000,2013-01-09 00:29:36.949000
TXL000372,Marva Beck,Marva,,Beck,,,False,tx,,,,http://www.legdir.legis.state.tx.us/FlashCardDocs/images/House/small/A2085.jpg,2011-01-14 22:24:08.381000,2013-01-09 00:29:36.951000
TXL000375,Erwin Cain,Erwin,,Cain,,,False,tx,,,,http://www.legdir.legis.state.tx.us/FlashCardDocs/images/House/small/A2015.jpg,2011-01-14 22:24:08.383000,2013-01-09 00:29:36.954000
TXL000377,Stefani Carter,Stefani,,Carter,,,False,tx,,,,http://www.legdir.legis.state.tx.us/FlashCardDocs/images/House/small/A2210.jpg,2011-01-14 22:24:08.384000,2015-01-07 22:02:52.031000
TXL000380,John Garza,John,,Garza,,,False,tx,,,,http://www.legdir.legis.state.tx.us/FlashCardDocs/images/House/small/A2235.jpg,2011-01-14 22:24:08.386000,2013-01-09 00:29:36.955000
TXL000382,Naomi Gonzalez,Naomi,,Gonzalez,,,False,tx,,,,http://www.legdir.legis.state.tx.us/FlashCardDocs/images/House/small/A2095.jpg,2011-01-14 22:24:08.387000,2015-01-07 22:02:52.084000
TXL000383,Lance Gooden,Lance,,Gooden,,,False,tx,,,,http://www.legdir.legis.state.tx.us/FlashCardDocs/images/House/small/A2020.jpg,2011-01-14 22:24:08.388000,2015-01-07 22:02:52.070000
TXL000388,Jim Landtroop,Jim,,Landtroop,,,False,tx,,,,http://www.legdir.legis.state.tx.us/FlashCardDocs/images/House/small/A2175.jpg,2011-01-14 22:24:08.390000,2013-01-09 00:29:36.956000
TXL000390,George Lavender,George,,Lavender,,,False,tx,,,,http://www.legdir.legis.state.tx.us/FlashCardDocs/images/House/small/A2010.jpg,2011-01-14 22:24:08.392000,2015-01-07 22:02:52.026000
TXL000392,Lanham Lyne,Lanham,,Lyne,,,False,tx,,,,http://www.legdir.legis.state.tx.us/FlashCardDocs/images/House/small/A2090.jpg,2011-01-14 22:24:08.392000,2013-01-09 00:29:36.957000
TXL000393,Dee Margo,Dee,,Margo,,,False,tx,,,,http://www.legdir.legis.state.tx.us/FlashCardDocs/images/House/small/A2130.jpg,2011-01-14 22:24:08.393000,2013-01-09 00:29:36.958000
TXL000395,Borris L. Miles,Borris,,Miles,,,False,tx,,,,http://www.house.state.tx.us/photos/members/3825.jpg,2011-01-14 22:24:08.393000,2017-06-01 10:35:57.358000
TXL000398,Barbara Nash,Barbara,,Nash,,,False,tx,,,,http://www.legdir.legis.state.tx.us/FlashCardDocs/images/House/small/A2190.jpg,2011-01-14 22:24:08.415000,2013-01-09 00:29:36.959000
TXL000406,Connie Scott,Connie,,Scott,,,False,tx,,,,http://www.legdir.legis.state.tx.us/FlashCardDocs/images/House/small/A2050.jpg,2011-01-14 22:24:08.290000,2013-01-09 00:29:36.961000
TXL000407,Kenneth Sheets,Kenneth,,Sheets,,,False,tx,,,,http://www.house.state.tx.us/photos/members/2225.jpg,2011-01-14 22:24:08.291000,2017-06-01 10:35:57.371000
TXL000408,David Simpson,David,,Simpson,,,False,tx,,,,http://www.house.state.tx.us/photos/members/2025.jpg,2011-01-14 22:24:08.291000,2017-06-01 10:35:57.360000
TXL000409,Raul Torres,Raul,,Torres,,,False,tx,,,,http://www.legdir.legis.state.tx.us/FlashCardDocs/images/House/small/A2045.jpg,2011-01-14 22:24:08.292000,2013-01-09 00:29:36.962000
TXL000418,Barbara Legler,Barbara,,Legler,,,False,tx,,,,http://www.legdir.legis.state.tx.us/FlashCardDocs/images/House/small/nopicture.jpg,2012-11-03 02:32:04.016000,2013-01-09 00:29:36.910000
TXL000432,Philip Cortez,Philip,,Cortez,,,False,tx,,,,http://www.legdir.legis.state.tx.us/FlashCardDocs/images/House/small/A2365.jpg,2013-01-09 00:29:35.574000,2015-01-07 22:02:52.042000
TXL000435,"Farney, Marsha",Marsha,,Farney,,,False,tx,,,,http://www.house.state.tx.us/photos/members/2380.jpg,2013-01-09 00:29:35.703000,2017-06-01 10:35:57.365000
TXL000455,Mary Perez,Mary,,Perez,,,False,tx,,,,http://www.legdir.legis.state.tx.us/FlashCardDocs/images/House/small/A2535.jpg,2013-01-09 00:29:36.235000,2015-01-14 16:08:09.864000
TXL000456,Bennett Ratliff,Bennett,,Ratliff,,,False,tx,,,,http://www.legdir.legis.state.tx.us/FlashCardDocs/images/House/small/A2545.jpg,2013-01-09 00:29:36.288000,2015-01-07 22:02:52.039000
TXL000467,Steve Toth,Steve,,Toth,,,False,tx,,,,http://www.legdir.legis.state.tx.us/FlashCardDocs/images/House/small/A2825.jpg,2013-01-09 00:29:36.486000,2015-01-07 22:02:52.053000
TXL000468,"Turner, Scott",Scott,,Turner,,,False,tx,,,,http://www.house.state.tx.us/photos/members/2845.jpg,2013-01-09 00:29:36.493000,2017-06-01 10:35:57.382000
TXL000483,"Spitzer, Stuart",Stuart,,Spitzer,,,False,tx,,,,http://www.house.state.tx.us/photos/members/2885.jpg,2015-01-14 00:53:27.417000,2017-06-01 10:35:57.377000
TXL000492,"Galindo, Rick",Rick,,Galindo,,,False,tx,,,,http://www.house.state.tx.us/photos/members/3085.jpg,2015-01-14 00:53:27.652000,2017-06-01 10:35:57.366000
TXL000498,"Peña, Gilbert",Gilbert,,Peña,,,False,tx,,,,http://www.house.state.tx.us/photos/members/3105.jpg,2015-01-14 00:53:27.875000,2017-06-01 10:35:57.376000
TXL000508,"White, Molly",Molly,,White,,,False,tx,,,,http://www.house.state.tx.us/photos/members/2970.jpg,2015-01-14 00:53:28.266000,2017-01-08 22:45:20.713000
TXL000515,"Schubert, Leighton",Leighton,,Schubert,,,False,tx,,,,http://www.house.state.tx.us/photos/members/3115.jpg,2015-03-10 18:14:59.443000,2016-12-28 00:23:50.977000
TXL000544,"Lujan, John",John,,Lujan,,,False,tx,,,,http://www.house.state.tx.us/photos/members/3145.jpg,2016-04-15 08:50:09.894000,2017-06-01 10:35:57.372000
TXL000674,"Thompson, Laura",Laura,,Thompson,,,False,tx,,,,http://www.house.state.tx.us/photos/members/3195.jpg,2016-12-28 00:23:50.437000,2017-06-01 10:35:57.380000
TXL000202,Dan Patrick,Dan,,Patrick,,,True,tx,,,,http://www.legdir.legis.state.tx.us/FlashCardDocs/images/Senate/small/A1430.jpg,2010-06-19 03:51:42.093000,2016-05-02 08:30:02.127000
TXL000214,Alma Allen,Alma A.,,Allen,,,True,tx,lower,131,Democratic,http://www.house.state.tx.us/photos/members/2100.jpg,2010-06-19 03:51:42.133000,2017-06-01 10:38:26.476000
TXL000215,Roberto Alonzo,Roberto R.,,Alonzo,,,True,tx,lower,104,Democratic,http://www.house.state.tx.us/photos/members/2125.jpg,2010-06-19 03:51:42.135000,2017-06-01 10:38:26.825000
TXL000216,Carol Alvarado,Carol,,Alvarado,,,True,tx,lower,145,Democratic,http://www.house.state.tx.us/photos/members/2135.jpg,2010-06-19 03:51:42.137000,2017-06-01 10:38:25.930000
TXL000217,Rafael Anchia,Rafael,,Anchia,,,True,tx,lower,103,Democratic,http://www.house.state.tx.us/photos/members/2150.jpg,2010-06-19 03:51:42.140000,2017-06-01 10:38:26.780000
TXL000218,Charles Anderson,"Charles ""Doc""",,Anderson,,Doc,True,tx,lower,56,Republican,http://www.house.state.tx.us/photos/members/2155.jpg,2010-06-19 03:51:42.142000,2017-06-01 10:38:26.510000
TXL000221,Dwayne Bohac,Dwayne,,Bohac,,,True,tx,lower,138,Republican,http://www.house.state.tx.us/photos/members/2230.jpg,2010-06-19 03:51:42.149000,2017-06-01 10:38:26.452000
TXL000223,Dennis Bonnen,Dennis,,Bonnen,,,True,tx,lower,25,Republican,http://www.house.state.tx.us/photos/members/2250.jpg,2010-06-19 03:51:42.154000,2017-06-01 10:38:26.551000
TXL000228,Angie Chen Button,Angie Chen,,Button,,,True,tx,lower,112,Republican,http://www.house.state.tx.us/photos/members/2510.jpg,2010-06-19 03:51:42.181000,2017-06-01 10:38:25.932000
TXL000235,Garnet Coleman,Garnet F.,,Coleman,,,True,tx,lower,147,Democratic,http://www.house.state.tx.us/photos/members/2435.jpg,2010-06-19 03:51:42.198000,2017-06-01 10:38:25.974000
TXL000236,Byron Cook,Byron,,Cook,,,True,tx,lower,8,Republican,http://www.house.state.tx.us/photos/members/2450.jpg,2010-06-19 03:51:42.201000,2017-06-01 10:38:26.829000
TXL000239,Tom Craddick,Tom,,Craddick,,,True,tx,lower,82,Republican,http://www.house.state.tx.us/photos/members/2610.jpg,2010-06-19 03:51:42.207000,2017-06-01 10:38:26.697000
TXL000242,Drew Darby,Drew,,Darby,,,True,tx,lower,72,Republican,http://www.house.state.tx.us/photos/members/2645.jpg,2010-06-19 03:51:42.215000,2017-06-01 10:38:26.455000
TXL000244,Yvonne Davis,Yvonne,,Davis,,,True,tx,lower,111,Democratic,http://www.house.state.tx.us/photos/members/2625.jpg,2010-06-19 03:51:42.219000,2017-06-01 10:38:26.450000
TXL000245,Joe Deshotel,Joe,,Deshotel,,,True,tx,lower,22,Democratic,http://www.house.state.tx.us/photos/members/2690.jpg,2010-06-19 03:51:42.221000,2017-06-01 10:38:26.522000
TXL000247,Dawnna Dukes,Dawnna,,Dukes,,,True,tx,lower,46,Democratic,http://www.house.state.tx.us/photos/members/2665.jpg,2010-06-19 03:51:42.226000,2017-06-01 10:38:26.784000
TXL000249,Harold Dutton Jr.,Harold,,Dutton,V. Jr.,,True,tx,lower,142,Democratic,http://www.house.state.tx.us/photos/members/2650.jpg,2010-06-19 03:51:42.250000,2017-06-01 10:35:57.450000
TXL000253,Gary Elkins,Gary,,Elkins,,,True,tx,lower,135,Republican,http://www.house.state.tx.us/photos/members/2785.jpg,2010-06-19 03:51:42.260000,2017-06-01 10:38:25.990000
TXL000257,Jessica Farrar,Jessica,,Farrar,,,True,tx,lower,148,Democratic,http://www.house.state.tx.us/photos/members/2810.jpg,2010-06-19 03:51:42.289000,2017-06-01 10:38:26.699000
TXL000260,Dan Flynn,Dan,,Flynn,,,True,tx,lower,2,Republican,http://www.house.state.tx.us/photos/members/2850.jpg,2010-06-19 03:51:42.295000,2017-06-01 10:38:25.560000
TXL000264,Charlie Geren,Charlie,,Geren,,,True,tx,lower,99,Republican,http://www.house.state.tx.us/photos/members/2945.jpg,2010-06-19 03:51:42.305000,2017-06-01 10:38:26.834000
TXL000265,Helen Giddings,Helen,,Giddings,,,True,tx,lower,109,Democratic,http://www.house.state.tx.us/photos/members/2935.jpg,2010-06-19 03:51:42.307000,2017-06-01 10:38:26.836000
TXL000268,Ryan Guillen,Ryan,,Guillen,,,True,tx,lower,31,Democratic,http://www.house.state.tx.us/photos/members/3045.jpg,2010-06-19 03:51:42.314000,2017-06-01 10:38:26.708000
TXL000269,Roland Gutierrez,Roland,,Gutierrez,,,True,tx,lower,119,Democratic,http://www.house.state.tx.us/photos/members/3025.jpg,2010-06-19 03:51:42.316000,2017-06-01 10:38:25.736000
TXL000277,Ana Hernandez,Ana,,Hernandez,,,True,tx,lower,143,Democratic,http://www.house.state.tx.us/photos/members/3155.jpg,2010-06-19 03:51:42.356000,2017-06-01 10:38:25.909000
TXL000278,Abel Herrero,Abel,,Herrero,,,True,tx,lower,34,Democratic,http://www.house.state.tx.us/photos/members/3140.jpg,2010-06-19 03:51:42.358000,2017-06-01 10:38:26.326000
TXL000283,Donna Howard,Donna,,Howard,,,True,tx,lower,48,Democratic,http://www.house.state.tx.us/photos/members/3310.jpg,2010-06-19 03:51:42.371000,2017-06-01 10:38:26.823000
TXL000286,Todd Hunter,Todd,,Hunter,,,True,tx,lower,32,Republican,http://www.house.state.tx.us/photos/members/3365.jpg,2010-06-19 03:51:42.379000,2017-06-01 10:38:26.820000
TXL000289,Eric Johnson,Eric,,Johnson,,,True,tx,lower,100,Democratic,http://www.house.state.tx.us/photos/members/3345.jpg,2010-06-19 03:51:42.386000,2017-06-01 10:38:26.457000
TXL000294,Tracy King,Tracy O.,,King,,,True,tx,lower,80,Democratic,http://www.house.state.tx.us/photos/members/3465.jpg,2010-06-19 03:51:42.400000,2017-06-01 10:38:26.605000
TXL000295,Phil King,Phil,,King,,,True,tx,lower,61,Republican,http://www.house.state.tx.us/photos/members/3470.jpg,2010-06-19 03:51:42.402000,2017-06-01 10:38:26.672000
TXL000299,Jodie Laubenberg,Jodie,,Laubenberg,,,True,tx,lower,89,Republican,http://www.house.state.tx.us/photos/members/3540.jpg,2010-06-19 03:51:42.413000,2017-06-01 10:38:26.172000
TXL000308,Armando Martinez,"Armando ""Mando""",,Martinez,,,True,tx,lower,39,Democratic,http://www.house.state.tx.us/photos/members/3780.jpg,2010-06-19 03:51:42.436000,2017-06-01 10:38:26.559000
TXL000317,Joseph Moody,Joe,,Moody,,,True,tx,lower,78,Democratic,http://www.house.state.tx.us/photos/members/3850.jpg,2010-06-19 03:51:42.493000,2017-06-01 10:38:26.235000
TXL000318,Geanie Morrison,Geanie W.,,Morrison,,,True,tx,lower,30,Republican,http://www.house.state.tx.us/photos/members/3870.jpg,2010-06-19 03:51:42.496000,2017-06-01 10:38:26.533000
TXL000320,Rene Oliveira,René O.,,Oliveira,,,True,tx,lower,37,Democratic,http://www.house.state.tx.us/photos/members/3880.jpg,2010-06-19 03:51:42.502000,2017-06-01 10:35:57.523000
TXL000325,Tan Parker,Tan,,Parker,,,True,tx,lower,63,Republican,http://www.house.state.tx.us/photos/members/4090.jpg,2010-06-19 03:51:42.517000,2017-06-01 10:38:26.788000
TXL000329,Larry Phillips,Larry,,Phillips,,,True,tx,lower,62,Republican,http://www.house.state.tx.us/photos/members/4160.jpg,2010-06-19 03:51:42.529000,2017-06-01 10:38:26.129000
TXL000331,Joe Pickett,Joe C.,,Pickett,,,True,tx,lower,79,Democratic,http://www.house.state.tx.us/photos/members/4180.jpg,2010-06-19 03:51:42.535000,2017-06-01 10:35:57.466000
TXL000334,Richard Peña Raymond,Richard Peña,,Raymond,,,True,tx,lower,42,Democratic,http://www.house.state.tx.us/photos/members/4215.jpg,2010-06-19 03:51:42.543000,2017-06-01 10:38:26.651000
TXL000338,Eddie Rodriguez,Eddie,,Rodriguez,,,True,tx,lower,51,Democratic,http://www.house.state.tx.us/photos/members/4270.jpg,2010-06-19 03:51:42.555000,2017-06-01 10:38:26.719000
TXL000344,John Smithee,John T.,,Smithee,,,True,tx,lower,86,Republican,http://www.house.state.tx.us/photos/members/4530.jpg,2010-06-19 03:51:42.594000,2017-06-01 10:38:26.721000
TXL000347,Joe Straus,Joe,,Straus,,,True,tx,lower,121,Republican,http://www.house.state.tx.us/photos/members/4565.jpg,2010-06-19 03:51:42.604000,2017-06-01 10:35:57.467000
TXL000352,Senfronia Thompson,Senfronia,,Thompson,,,True,tx,lower,141,Democratic,http://www.house.state.tx.us/photos/members/4630.jpg,2010-06-19 03:51:42.631000,2017-06-01 10:38:26.565000
TXL000354,Chris Turner,Chris,,Turner,,,True,tx,lower,101,Democratic,http://www.house.state.tx.us/photos/members/4680.jpg,2010-06-19 03:51:42.637000,2017-06-01 10:38:26.398000
TXL000359,Hubert Vo,Hubert,,Vo,,,True,tx,lower,149,Democratic,http://www.house.state.tx.us/photos/members/4900.jpg,2010-06-19 03:51:42.653000,2017-06-01 10:38:26.147000
TXL000360,Armando Walle,Armando,,Walle,,,True,tx,lower,140,Democratic,http://www.house.state.tx.us/photos/members/4930.jpg,2010-06-19 03:51:42.668000,2017-06-01 10:38:26.254000
TXL000363,John Zerwas,John,,Zerwas,,,True,tx,lower,28,Republican,http://www.house.state.tx.us/photos/members/5170.jpg,2010-06-19 03:51:42.678000,2017-06-01 10:38:26.068000
TXL000370,Rodney Anderson,Rodney,,Anderson,,,True,tx,lower,105,Republican,http://www.house.state.tx.us/photos/members/2215.jpg,2011-01-14 22:24:08.381000,2017-06-01 10:38:26.177000
TXL000373,Cindy Burkett,Cindy,,Burkett,,,True,tx,lower,113,Republican,http://www.house.state.tx.us/photos/members/2195.jpg,2011-01-14 22:24:08.382000,2017-06-01 10:38:26.569000
TXL000378,Sarah Davis,Sarah,,Davis,,,True,tx,lower,134,Republican,http://www.house.state.tx.us/photos/members/2305.jpg,2011-01-14 22:24:08.385000,2017-06-01 10:38:26.832000
TXL000379,John Frullo,John,,Frullo,,,True,tx,lower,84,Republican,http://www.house.state.tx.us/photos/members/2005.jpg,2011-01-14 22:24:08.385000,2017-06-01 10:38:26.547000
TXL000381,Larry Gonzales,Larry,,Gonzales,,,True,tx,lower,52,Republican,http://www.house.state.tx.us/photos/members/2080.jpg,2011-01-14 22:24:08.387000,2017-06-01 10:38:26.580000
TXL000385,Dan Huberty,Dan,,Huberty,,,True,tx,lower,127,Republican,http://www.house.state.tx.us/photos/members/2285.jpg,2011-01-14 22:24:08.389000,2017-06-01 10:38:25.530000
TXL000386,Jason Isaac,Jason,,Isaac,,,True,tx,lower,45,Republican,http://www.house.state.tx.us/photos/members/2070.jpg,2011-01-14 22:24:08.390000,2017-06-01 10:38:25.846000
TXL000387,John Kuempel,John,,Kuempel,,,True,tx,lower,44,Republican,http://www.house.state.tx.us/photos/members/2310.jpg,2011-01-14 22:24:08.288000,2017-06-01 10:38:26.712000
TXL000389,Lyle Larson,Lyle,,Larson,,,True,tx,lower,122,Republican,http://www.house.state.tx.us/photos/members/2245.jpg,2011-01-14 22:24:08.391000,2017-06-01 10:38:26.594000
TXL000391,J. M. Lozano,J. M.,,Lozano,,,True,tx,lower,43,Republican,http://www.house.state.tx.us/photos/members/2065.jpg,2011-01-14 22:24:08.288000,2017-06-01 10:38:26.350000
TXL000396,"Sergio Muñoz, Jr.",Sergio,,Muñoz,Jr.,,True,tx,lower,36,Democratic,http://www.house.state.tx.us/photos/members/2060.jpg,2011-01-14 22:24:08.414000,2017-06-01 10:38:26.131000
TXL000397,Jim Murphy,Jim,,Murphy,,,True,tx,lower,133,Republican,http://www.house.state.tx.us/photos/members/3875.jpg,2011-01-14 22:24:08.415000,2017-06-01 10:38:26.459000
TXL000402,Four Price,Four,,Price,,,True,tx,lower,87,Republican,http://www.house.state.tx.us/photos/members/2185.jpg,2011-01-14 22:24:08.417000,2017-06-01 10:38:26.611000
TXL000404,Ron Reynolds,Ron,,Reynolds,,,True,tx,lower,27,Democratic,http://www.house.state.tx.us/photos/members/2040.jpg,2011-01-14 22:24:08.418000,2017-06-01 10:38:26.352000
TXL000410,James White,James,,White,,,True,tx,lower,19,Republican,http://www.house.state.tx.us/photos/members/2030.jpg,2011-01-14 22:24:08.419000,2017-06-01 10:38:26.793000
TXL000411,Paul Workman,Paul,,Workman,,,True,tx,lower,47,Republican,http://www.house.state.tx.us/photos/members/2075.jpg,2011-01-14 22:24:08.292000,2017-06-01 10:38:26.614000
TXL000412,William Zedler,Bill,,Zedler,,,True,tx,lower,96,Republican,http://www.house.state.tx.us/photos/members/5150.jpg,2011-01-14 22:24:08.293000,2017-06-01 10:38:25.984000
TXL000415,"Raney, John",John,,Raney,,,True,tx,lower,14,Republican,http://www.house.state.tx.us/photos/members/2315.jpg,2012-01-25 00:54:58.498000,2017-06-01 10:38:26.105000
TXL000424,"Ashby, Trent",Trent,,Ashby,,,True,tx,lower,57,Republican,http://www.house.state.tx.us/photos/members/2330.jpg,2013-01-09 00:29:35.404000,2017-06-01 10:38:26.827000
TXL000425,"Bell, Cecil",Cecil,,Bell,,,True,tx,lower,3,Republican,http://www.house.state.tx.us/photos/members/2335.jpg,2013-01-09 00:29:35.419000,2017-06-01 10:38:26.329000
TXL000426,"Bonnen, Greg",Greg,,Bonnen,,,True,tx,lower,24,Republican,http://www.house.state.tx.us/photos/members/2875.jpg,2013-01-09 00:29:35.442000,2017-06-01 10:38:26.074000
TXL000428,"Canales, Terry",Terry,,Canales,,,True,tx,lower,40,Democratic,http://www.house.state.tx.us/photos/members/2340.jpg,2013-01-09 00:29:35.506000,2017-06-01 10:38:25.838000
TXL000429,"Capriglione, Giovanni",Giovanni,,Capriglione,,,True,tx,lower,98,Republican,http://www.house.state.tx.us/photos/members/2345.jpg,2013-01-09 00:29:35.513000,2017-06-01 10:38:26.731000
TXL000430,"Clardy, Travis",Travis,,Clardy,,,True,tx,lower,11,Republican,http://www.house.state.tx.us/photos/members/2355.jpg,2013-01-09 00:29:35.529000,2017-06-01 10:38:26.567000
TXL000431,"Collier, Nicole",Nicole,,Collier,,,True,tx,lower,95,Democratic,http://www.house.state.tx.us/photos/members/2360.jpg,2013-01-09 00:29:35.544000,2017-06-01 10:38:26.574000
TXL000433,"Dale, Tony",Tony,,Dale,,,True,tx,lower,136,Republican,http://www.house.state.tx.us/photos/members/2370.jpg,2013-01-09 00:29:35.606000,2017-06-01 10:38:26.346000
TXL000434,"Fallon, Pat",Pat,,Fallon,,,True,tx,lower,106,Republican,http://www.house.state.tx.us/photos/members/2375.jpg,2013-01-09 00:29:35.684000,2017-06-01 10:38:26.553000
TXL000436,"Frank, James",James,,Frank,,,True,tx,lower,69,Republican,http://www.house.state.tx.us/photos/members/2385.jpg,2013-01-09 00:29:35.731000,2017-06-01 10:38:26.653000
TXL000437,"Goldman, Craig",Craig,,Goldman,,,True,tx,lower,97,Republican,http://www.house.state.tx.us/photos/members/2395.jpg,2013-01-09 00:29:35.761000,2017-06-01 10:38:26.529000
TXL000438,"González, Mary",Mary,,González,,,True,tx,lower,75,Democratic,http://www.house.state.tx.us/photos/members/2410.jpg,2013-01-09 00:29:35.783000,2017-06-01 10:35:57.447000
TXL000439,"Guerra, Bobby",Bobby,,Guerra,,,True,tx,lower,41,Democratic,http://www.house.state.tx.us/photos/members/2325.jpg,2013-01-09 00:29:35.798000,2017-06-01 10:35:57.449000
TXL000441,"Kacal, Kyle",Kyle,,Kacal,,,True,tx,lower,12,Republican,http://www.house.state.tx.us/photos/members/2445.jpg,2013-01-09 00:29:35.912000,2017-06-01 10:35:57.475000
TXL000442,"King, Ken",Ken,,King,,,True,tx,lower,88,Republican,http://www.house.state.tx.us/photos/members/2455.jpg,2013-01-09 00:29:35.950000,2017-06-01 10:38:26.839000
TXL000443,"Klick, Stephanie",Stephanie,,Klick,,,True,tx,lower,91,Republican,http://www.house.state.tx.us/photos/members/2460.jpg,2013-01-09 00:29:35.964000,2017-06-01 10:38:26.657000
TXL000444,"Krause, Matt",Matt,,Krause,,,True,tx,lower,93,Republican,http://www.house.state.tx.us/photos/members/2465.jpg,2013-01-09 00:29:35.980000,2017-06-01 10:38:26.557000
TXL000445,"Leach, Jeff",Jeff,,Leach,,,True,tx,lower,67,Republican,http://www.house.state.tx.us/photos/members/2475.jpg,2013-01-09 00:29:36.017000,2017-06-01 10:38:25.865000
TXL000446,"Longoria, Oscar",Oscar,,Longoria,,,True,tx,lower,35,Democratic,http://www.house.state.tx.us/photos/members/2485.jpg,2013-01-09 00:29:36.032000,2017-06-01 10:38:26.726000
TXL000449,"Miller, Rick",Rick,,Miller,,,True,tx,lower,26,Republican,http://www.house.state.tx.us/photos/members/2500.jpg,2013-01-09 00:29:36.107000,2017-06-01 10:38:26.728000
TXL000452,"Nevárez, Poncho",Poncho,,Nevárez,,,True,tx,lower,74,Democratic,http://www.house.state.tx.us/photos/members/2505.jpg,2013-01-09 00:29:36.183000,2017-06-01 10:38:26.843000
TXL000454,"Paddie, Chris",Chris,,Paddie,,,True,tx,lower,9,Republican,http://www.house.state.tx.us/photos/members/2515.jpg,2013-01-09 00:29:36.213000,2017-06-01 10:38:26.845000
TXL000457,"Rodriguez, Justin",Justin,,Rodriguez,,,True,tx,lower,125,Democratic,http://www.house.state.tx.us/photos/members/2550.jpg,2013-01-09 00:29:36.341000,2017-06-01 10:38:26.542000
TXL000458,"Rose, Toni",Toni,,Rose,,,True,tx,lower,110,Democratic,http://www.house.state.tx.us/photos/members/2555.jpg,2013-01-09 00:29:36.348000,2017-06-01 10:38:26.850000
TXL000459,"Sanford, Scott",Scott,,Sanford,,,True,tx,lower,70,Republican,http://www.house.state.tx.us/photos/members/2715.jpg,2013-01-09 00:29:36.356000,2017-06-01 10:38:26.142000
TXL000460,"Schaefer, Matt",Matt,,Schaefer,,,True,tx,lower,6,Republican,http://www.house.state.tx.us/photos/members/2725.jpg,2013-01-09 00:29:36.364000,2017-06-01 10:38:26.685000
TXL000461,"Sheffield, J. D.",J. D.,,Sheffield,,,True,tx,lower,59,Republican,http://www.house.state.tx.us/photos/members/2735.jpg,2013-01-09 00:29:36.379000,2017-06-01 10:38:26.374000
TXL000462,"Simmons, Ron",Ron,,Simmons,,,True,tx,lower,65,Republican,http://www.house.state.tx.us/photos/members/2740.jpg,2013-01-09 00:29:36.394000,2017-06-01 10:38:26.588000
TXL000463,"Springer, Drew",Drew,,Springer,,,True,tx,lower,68,Republican,http://www.house.state.tx.us/photos/members/2745.jpg,2013-01-09 00:29:36.424000,2017-06-01 10:38:26.466000
TXL000464,"Stephenson, Phil",Phil,,Stephenson,,,True,tx,lower,85,Republican,http://www.house.state.tx.us/photos/members/2755.jpg,2013-01-09 00:29:36.432000,2017-06-01 10:38:26.619000
TXL000465,"Stickland, Jonathan",Jonathan,,Stickland,,,True,tx,lower,92,Republican,http://www.house.state.tx.us/photos/members/2765.jpg,2013-01-09 00:29:36.439000,2017-06-01 10:38:25.887000
TXL000466,"Thompson, Ed",Ed,,Thompson,,,True,tx,lower,29,Republican,http://www.house.state.tx.us/photos/members/2815.jpg,2013-01-09 00:29:36.470000,2017-06-01 10:38:26.344000
TXL000470,"Villalba, Jason",Jason,,Villalba,,,True,tx,lower,114,Republican,http://www.house.state.tx.us/photos/members/2855.jpg,2013-01-09 00:29:36.516000,2017-06-01 10:38:25.725000
TXL000472,"Wu, Gene",Gene,,Wu,,,True,tx,lower,137,Democratic,http://www.house.state.tx.us/photos/members/2865.jpg,2013-01-09 00:29:36.562000,2017-06-01 10:38:26.667000
TXL000475,"Israel, Celia",Celia,,Israel,,,True,tx,lower,50,Democratic,http://www.house.state.tx.us/photos/members/2415.jpg,2014-02-19 00:42:39.111000,2017-06-01 10:38:26.174000
TXL000480,"Murr, Andrew",Andrew,,Murr,,,True,tx,lower,53,Republican,http://www.house.state.tx.us/photos/members/2965.jpg,2015-01-14 00:53:27.352000,2017-06-01 10:35:57.508000
TXL000481,"Wray, John",John,,Wray,,,True,tx,lower,10,Republican,http://www.house.state.tx.us/photos/members/2890.jpg,2015-01-14 00:53:27.378000,2017-06-01 10:38:26.687000
TXL000484,"Paul, Dennis",Dennis,,Paul,,,True,tx,lower,129,Republican,http://www.house.state.tx.us/photos/members/3090.jpg,2015-01-14 00:53:27.442000,2017-06-01 10:38:26.524000
TXL000485,"Keough, Mark",Mark,,Keough,,,True,tx,lower,15,Republican,http://www.house.state.tx.us/photos/members/2895.jpg,2015-01-14 00:53:27.504000,2017-06-01 10:38:26.782000
TXL000490,"Landgraf, Brooks",Brooks,,Landgraf,,,True,tx,lower,81,Republican,http://www.house.state.tx.us/photos/members/3040.jpg,2015-01-14 00:53:27.597000,2017-06-01 10:38:26.582000
TXL000491,"Koop, Linda",Linda,,Koop,,,True,tx,lower,102,Republican,http://www.house.state.tx.us/photos/members/3070.jpg,2015-01-14 00:53:27.628000,2017-06-01 10:38:26.841000
TXL000493,"Rinaldi, Matt",Matt,,Rinaldi,,,True,tx,lower,115,Republican,http://www.house.state.tx.us/photos/members/3080.jpg,2015-01-14 00:53:27.677000,2017-06-01 10:38:26.514000
TXL000494,"VanDeaver, Gary",Gary,,VanDeaver,,,True,tx,lower,1,Republican,http://www.house.state.tx.us/photos/members/2540.jpg,2015-01-14 00:53:27.697000,2017-06-01 10:38:26.480000
TXL000495,"Shaheen, Matt",Matt,,Shaheen,,,True,tx,lower,66,Republican,http://www.house.state.tx.us/photos/members/2995.jpg,2015-01-14 00:53:27.729000,2017-06-01 10:38:26.790000
TXL000496,"Phelan, Dade",Dade,,Phelan,,,True,tx,lower,21,Republican,http://www.house.state.tx.us/photos/members/2905.jpg,2015-01-14 00:53:27.797000,2017-06-01 10:38:26.848000
TXL000497,"Blanco, César",César,,Blanco,,,True,tx,lower,76,Democratic,http://www.house.state.tx.us/photos/members/3015.jpg,2015-01-14 00:53:27.859000,2017-06-01 10:38:26.333000
TXL000499,"Tinderholt, Tony",Tony,,Tinderholt,,,True,tx,lower,94,Republican,http://www.house.state.tx.us/photos/members/3065.jpg,2015-01-14 00:53:27.889000,2017-06-01 10:38:26.063000
TXL000500,"Burrows, Dustin",Dustin,,Burrows,,,True,tx,lower,83,Republican,http://www.house.state.tx.us/photos/members/3055.jpg,2015-01-14 00:53:27.921000,2017-06-01 10:38:26.621000
TXL000502,"Metcalf, Will",Will,,Metcalf,,,True,tx,lower,16,Republican,http://www.house.state.tx.us/photos/members/2900.jpg,2015-01-14 00:53:27.951000,2017-06-01 10:38:26.683000
TXL000504,"Meyer, Morgan",Morgan,,Meyer,,,True,tx,lower,108,Republican,http://www.house.state.tx.us/photos/members/3075.jpg,2015-01-14 00:53:28.008000,2017-06-01 10:38:26.715000
TXL000506,"Faircloth, Wayne",Wayne,,Faircloth,,,True,tx,lower,23,Republican,http://www.house.state.tx.us/photos/members/2955.jpg,2015-01-14 00:53:28.093000,2017-06-01 10:38:26.549000
TXL000507,"Burns, DeWayne",DeWayne,,Burns,,,True,tx,lower,58,Republican,http://www.house.state.tx.us/photos/members/2975.jpg,2015-01-14 00:53:28.244000,2017-06-01 10:38:26.677000
TXL000509,"Romero, Jr., Ramon","Jr., Ramon",,Romero,,,True,tx,lower,90,Democratic,http://www.house.state.tx.us/photos/members/3060.jpg,2015-01-14 00:53:28.296000,2017-06-01 10:35:57.533000
TXL000510,"Schofield, Mike",Mike,,Schofield,,,True,tx,lower,132,Republican,http://www.house.state.tx.us/photos/members/3095.jpg,2015-01-14 00:53:28.314000,2017-06-01 10:38:26.237000
TXL000516,"Cyrier, John P.",John P.,,Cyrier,,,True,tx,lower,17,Republican,http://www.house.state.tx.us/photos/members/3125.jpg,2015-03-10 18:14:59.467000,2017-06-01 10:35:57.421000
TXL000517,"Bernal, Diego M.",Diego M.,,Bernal,,,True,tx,lower,123,Democratic,http://www.house.state.tx.us/photos/members/3110.jpg,2015-03-10 18:15:00.287000,2017-06-01 10:35:57.397000
TXL000519,"Minjarez, Ina",Ina,,Minjarez,,,True,tx,lower,124,Democratic,http://www.house.state.tx.us/photos/members/3135.jpg,2015-05-06 20:11:59.048000,2017-06-01 10:38:26.661000
TXL000672,"Johnson, Jarvis",Jarvis,,Johnson,,,True,tx,lower,139,Democratic,http://www.house.state.tx.us/photos/members/3185.jpg,2016-12-28 00:23:50.038000,2017-06-01 10:35:57.473000
TXL000673,"Schubert, Leighton",Leighton,,Schubert,,,True,tx,lower,13,Republican,http://www.house.state.tx.us/photos/members/3115.jpg,2016-12-28 00:23:50.202000,2017-06-01 10:38:26.321000
TXL000675,"Lang, Mike",Mike,,Lang,,,True,tx,lower,60,Republican,http://www.house.state.tx.us/photos/members/3530.jpg,2017-01-07 05:53:03.722000,2017-06-01 10:38:26.320000
TXL000676,"Cortez, Philip",Philip,,Cortez,,,True,tx,lower,117,Democratic,http://www.house.state.tx.us/photos/members/2365.jpg,2017-01-07 05:53:03.750000,2017-06-01 10:38:26.315000
TXL000677,"Biedermann, Kyle",Kyle,,Biedermann,,,True,tx,lower,73,Republican,http://www.house.state.tx.us/photos/members/3575.jpg,2017-01-07 05:53:03.785000,2017-06-01 10:38:26.231000
TXL000678,"Wilson, Terry",Terry,,Wilson,,,True,tx,lower,20,Republican,http://www.house.state.tx.us/photos/members/3525.jpg,2017-01-07 05:53:03.791000,2017-06-01 10:35:57.568000
TXL000679,"Perez, Mary Ann",Mary Ann,,Perez,,,True,tx,lower,144,Democratic,http://www.house.state.tx.us/photos/members/2535.jpg,2017-01-07 05:53:03.884000,2017-06-01 10:38:26.311000
TXL000680,"Stucky, Lynn",Lynn,,Stucky,,,True,tx,lower,64,Republican,http://www.house.state.tx.us/photos/members/3220.jpg,2017-01-07 05:53:03.905000,2017-06-01 10:38:26.516000
TXL000681,"Lambert, Stan",Stan,,Lambert,,,True,tx,lower,71,Republican,http://www.house.state.tx.us/photos/members/3225.jpg,2017-01-07 05:53:03.927000,2017-06-01 10:38:25.850000
TXL000682,"Ortega, Evelina ""Lina""","Evelina ""Lina""",,Ortega,,,True,tx,lower,77,Democratic,http://www.house.state.tx.us/photos/members/3545.jpg,2017-01-07 05:53:03.952000,2017-06-01 10:38:26.786000
TXL000683,"Arévalo, Diana",Diana,,Arévalo,,,True,tx,lower,116,Democratic,http://www.house.state.tx.us/photos/members/3555.jpg,2017-01-07 05:53:03.970000,2017-06-01 10:38:26.361000
TXL000684,"Neave, Victoria",Victoria,,Neave,,,True,tx,lower,107,Democratic,http://www.house.state.tx.us/photos/members/3235.jpg,2017-01-07 05:53:03.976000,2017-06-01 10:38:25.883000
TXL000685,"Shine, Hugh",Hugh,,Shine,,,True,tx,lower,55,Republican,http://www.house.state.tx.us/photos/members/4455.jpg,2017-01-07 05:53:03.982000,2017-06-01 10:38:26.464000
TXL000686,"Gervin-Hawkins, Barbara",Barbara,,Gervin-Hawkins,,,True,tx,lower,120,Democratic,http://www.house.state.tx.us/photos/members/3445.jpg,2017-01-07 05:53:03.988000,2017-06-01 10:38:26.555000
TXL000687,"Oliverson, Tom",Tom,,Oliverson,,,True,tx,lower,130,Republican,http://www.house.state.tx.us/photos/members/3535.jpg,2017-01-07 05:53:04.024000,2017-06-01 10:38:26.138000
TXL000688,"Roberts, Kevin",Kevin,,Roberts,,,True,tx,lower,126,Republican,http://www.house.state.tx.us/photos/members/3255.jpg,2017-01-07 05:53:04.030000,2017-06-01 10:38:26.539000
TXL000689,"Hefner, Cole",Cole,,Hefner,,,True,tx,lower,5,Republican,http://www.house.state.tx.us/photos/members/3505.jpg,2017-01-07 05:53:04.091000,2017-06-01 10:38:25.577000
TXL000690,"Holland, Justin",Justin,,Holland,,,True,tx,lower,33,Republican,http://www.house.state.tx.us/photos/members/3205.jpg,2017-01-07 05:53:04.142000,2017-06-01 10:38:26.681000
TXL000691,"Dean, Jay",Jay,,Dean,,,True,tx,lower,7,Republican,http://www.house.state.tx.us/photos/members/3515.jpg,2017-01-07 05:53:04.156000,2017-06-01 10:38:26.623000
TXL000692,"Hinojosa, Gina",Gina,,Hinojosa,,,True,tx,lower,49,Democratic,http://www.house.state.tx.us/photos/members/3210.jpg,2017-01-07 05:53:04.169000,2017-06-01 10:38:26.679000
TXL000693,"Bailes, Ernest",Ernest,,Bailes,,,True,tx,lower,18,Republican,http://www.house.state.tx.us/photos/members/3200.jpg,2017-01-07 05:53:04.179000,2017-06-01 10:38:26.363000
TXL000694,"Swanson, Valoree",Valoree,,Swanson,,,True,tx,lower,150,Republican,http://www.house.state.tx.us/photos/members/3425.jpg,2017-01-07 05:53:04.191000,2017-06-01 10:38:26.665000
TXL000695,"Gooden, Lance",Lance,,Gooden,,,True,tx,lower,4,Republican,http://www.house.state.tx.us/photos/members/2020.jpg,2017-01-07 05:53:04.217000,2017-06-01 10:38:26.136000
TXL000696,"Cain, Briscoe",Briscoe,,Cain,,,True,tx,lower,128,Republican,http://www.house.state.tx.us/photos/members/3265.jpg,2017-01-07 05:53:04.222000,2017-06-01 10:38:26.233000
TXL000697,"Cosper, Scott",Scott,,Cosper,,,True,tx,lower,54,Republican,http://www.house.state.tx.us/photos/members/3215.jpg,2017-01-07 05:53:04.263000,2017-06-01 10:38:26.733000
TXL000698,"Uresti, Tomas",Tomas,,Uresti,,,True,tx,lower,118,Democratic,http://www.house.state.tx.us/photos/members/3435.jpg,2017-01-07 05:53:04.280000,2017-06-01 10:38:26.002000
TXL000699,"Thierry, Shawn",Shawn,,Thierry,,,True,tx,lower,146,Democratic,http://www.house.state.tx.us/photos/members/3390.jpg,2017-01-07 05:53:04.302000,2017-06-01 10:38:26.239000
TXL000717,Eddie Lucio III,Eddie,,Lucio,III,,True,tx,lower,38,Democratic,http://www.house.state.tx.us/photos/members/3610.jpg,2017-01-30 05:42:49.879000,2017-06-01 10:38:26.607000
TXL000190,Craig Estes,Craig,,Estes,,,True,tx,upper,30,Republican,http://www.legdir.legis.state.tx.us/FlashCardDocs/images/Senate/small/A1180.jpg,2010-06-19 03:51:42.063000,2017-06-01 10:38:26.268000
TXL000195,Juan Hinojosa,"Juan ""Chuy""",,Hinojosa,,,True,tx,upper,20,Democrat,http://www.legdir.legis.state.tx.us/FlashCardDocs/images/Senate/small/A1250.jpg,2010-06-19 03:51:42.076000,2017-06-01 10:38:26.808000
TXL000196,Joan Huffman,Joan,,Huffman,,,True,tx,upper,17,Republican,http://www.legdir.legis.state.tx.us/FlashCardDocs/images/Senate/small/A1260.jpg,2010-06-19 03:51:42.078000,2017-06-01 10:38:26.752000
TXL000198,"Eddie Lucio, Jr.",Eduardo A. (Eddie),,Lucio,Jr.,,True,tx,upper,27,Democrat,http://www.house.state.tx.us/photos/members/3610.jpg,2010-06-19 03:51:42.083000,2017-06-01 10:38:26.283000
TXL000199,Jane Nelson,Jane,,Nelson,,,True,tx,upper,12,Republican,http://www.legdir.legis.state.tx.us/FlashCardDocs/images/Senate/small/A1450.jpg,2010-06-19 03:51:42.086000,2017-06-01 10:38:26.740000
TXL000200,Robert Nichols,Robert,,Nichols,,,True,tx,upper,3,Republican,http://www.legdir.legis.state.tx.us/FlashCardDocs/images/Senate/small/A1400.jpg,2010-06-19 03:51:42.088000,2017-06-01 10:38:26.798000
TXL000203,Kel Seliger,Kel,,Seliger,,,True,tx,upper,31,Republican,http://www.legdir.legis.state.tx.us/FlashCardDocs/images/Senate/small/A1460.jpg,2010-06-19 03:51:42.095000,2017-06-01 10:38:26.762000
TXL000206,Carlos Uresti,Carlos I.,,Uresti,,,True,tx,upper,19,Democrat,http://www.legdir.legis.state.tx.us/FlashCardDocs/images/Senate/small/A1605.jpg,2010-06-19 03:51:42.103000,2017-06-01 10:38:26.767000
TXL000208,Kirk Watson,Kirk,,Watson,,,True,tx,upper,14,Democrat,http://www.legdir.legis.state.tx.us/FlashCardDocs/images/Senate/small/A1610.jpg,2010-06-19 03:51:42.107000,2017-06-01 10:38:26.769000
TXL000210,Royce West,Royce,,West,,,True,tx,upper,23,Democrat,http://www.legdir.legis.state.tx.us/FlashCardDocs/images/Senate/small/A1625.jpg,2010-06-19 03:51:42.112000,2017-06-01 10:38:26.772000
TXL000211,John Whitmire,John,,Whitmire,,,True,tx,upper,15,Democrat,http://www.legdir.legis.state.tx.us/FlashCardDocs/images/Senate/small/A1650.jpg,2010-06-19 03:51:42.115000,2017-06-01 10:38:26.774000
TXL000213,Judith Zaffirini,Judith,,Zaffirini,,,True,tx,upper,21,Democrat,http://www.legdir.legis.state.tx.us/FlashCardDocs/images/Senate/small/A1700.jpg,2010-06-19 03:51:42.131000,2017-06-01 10:38:26.442000
TXL000240,Brandon Creighton,Brandon,,Creighton,,,True,tx,upper,4,Republican,http://www.legdir.legis.state.tx.us/FlashCardDocs/images/Senate/small/A1040.jpg,2010-06-19 03:51:42.210000,2017-06-01 10:38:26.803000
TXL000271,Kelly Hancock,Kelly,,Hancock,,,True,tx,upper,9,Republican,http://www.legdir.legis.state.tx.us/FlashCardDocs/images/Senate/small/A1015.jpg,2010-06-19 03:51:42.331000,2017-06-01 10:38:26.805000
TXL000297,Lois Kolkhorst,Lois W.,,Kolkhorst,,,True,tx,upper,18,Republican,http://www.legdir.legis.state.tx.us/FlashCardDocs/images/Senate/small/A1105.jpg,2010-06-19 03:51:42.408000,2017-06-01 10:38:26.810000
TXL000312,José Menéndez,José,,Menéndez,,,True,tx,upper,26,Democrat,http://www.legdir.legis.state.tx.us/FlashCardDocs/images/Senate/small/nopicture.jpg,2010-06-19 03:51:42.467000,2017-06-01 10:38:26.641000
TXL000349,Larry Taylor,Larry,,Taylor,,,True,tx,upper,11,Republican,http://www.legdir.legis.state.tx.us/FlashCardDocs/images/Senate/small/A1030.jpg,2010-06-19 03:51:42.610000,2017-06-01 10:38:26.764000
TXL000350,Van Taylor,Van,,Taylor,,,True,tx,upper,8,Republican,http://www.legdir.legis.state.tx.us/FlashCardDocs/images/Senate/small/A1085.jpg,2010-06-19 03:51:42.613000,2017-06-01 10:38:26.419000
TXL000364,Brian Birdwell,Brian,,Birdwell,,,True,tx,upper,22,Republican,http://www.legdir.legis.state.tx.us/FlashCardDocs/images/Senate/small/A1080.jpg,2010-07-17 08:38:47.948000,2017-06-01 10:38:26.747000
TXL000400,Charles Perry,Charles,,Perry,,,True,tx,upper,28,Republican,http://www.legdir.legis.state.tx.us/FlashCardDocs/images/Senate/small/A1045.jpg,2011-01-14 22:24:08.416000,2017-06-01 10:38:26.813000
TXL000405,Charles Schwertner,Charles,,Schwertner,,,True,tx,upper,5,Republican,http://www.legdir.legis.state.tx.us/FlashCardDocs/images/Senate/small/A1025.jpg,2011-01-14 22:24:08.419000,2017-06-01 10:38:26.760000
TXL000414,José R. Rodríguez	,José,R.,Rodríguez	,,,True,tx,upper,29,Democrat,http://www.legdir.legis.state.tx.us/FlashCardDocs/images/Senate/small/A1005.jpg,2011-01-14 22:24:08.575000,2017-06-01 10:38:26.815000
TXL000419,Donna Campbell,Donna,,Campbell,,,True,tx,upper,25,Republican,http://www.legdir.legis.state.tx.us/FlashCardDocs/images/Senate/small/A1010.jpg,2013-01-09 00:29:35.053000,2017-06-01 10:38:26.288000
TXL000473,Sylvia R. Garcia,Sylvia R.,,Garcia,,,True,tx,upper,6,Democrat,http://www.legdir.legis.state.tx.us/FlashCardDocs/images/Senate/small/A1035.jpg,2013-03-12 18:18:45.435000,2017-06-01 10:35:57.613000
TXL000479,Don Huffines,Don,,Huffines,,,True,tx,upper,16,Republican,http://www.legdir.legis.state.tx.us/FlashCardDocs/images/Senate/small/A1095.jpg,2015-01-14 00:53:27.338000,2017-06-01 10:38:26.432000
TXL000482,Paul Bettencourt,Paul,,Bettencourt,,,True,tx,upper,7,Republican,http://www.legdir.legis.state.tx.us/FlashCardDocs/images/Senate/small/A1055.jpg,2015-01-14 00:53:27.393000,2017-06-01 10:38:26.745000
TXL000487,Konni Burton,Konni,,Burton,,,True,tx,upper,10,Republican,http://www.legdir.legis.state.tx.us/FlashCardDocs/images/Senate/small/A1090.jpg,2015-01-14 00:53:27.536000,2017-06-01 10:38:26.492000
TXL000503,Bob Hall,Bob,,Hall,,,True,tx,upper,2,Republican,http://www.legdir.legis.state.tx.us/FlashCardDocs/images/Senate/small/A1050.jpg,2015-01-14 00:53:27.965000,2017-06-01 10:38:26.801000
TXL000705,Dawn Buckingham,Dawn,,Buckingham,,,True,tx,upper,24,Republican,,2017-01-18 03:03:18.301000,2017-06-01 10:38:26.639000
TXL000707,Borris L. Miles,Borris L.,,Miles,,,True,tx,upper,13,Democrat,,2017-01-18 03:03:18.403000,2017-06-01 10:38:26.414000
TXL000716,Bryan Hughes,Bryan,,Hughes,,,True,tx,upper,1,Republican,,2017-01-27 05:42:08.204000,2017-06-01 10:38:26.497000
