"PERSONAL FINANCIAL STATEMENTFORM PFSCOVER SHEETPAGE 1",,
"Filed in accordance with chapter 572 of the Government Code.For filings required in 2019, covering calendar year ending December 31, 2018.Use FORM PFS--INSTRUCTION GUIDE when completing this form.","PAGE #28",
"1NAME",,
"2ADDRESS",,
"",,Amount
"",X,
"3TELEPHONENUMBER",,
"",,
"4REASONFOR FILIINGSTATEMENT",,
"",,
X,,
"",,
"",,
"",,
"",,
"",,
"5Family members whose financial activity you are reporting (see instructions).SPOUSE ____M_r_s_._ A__m_a_n__d_a_ M__il_le_r_ _M_u__rr____________________________________________________________________________DEPENDENT CHILD1.  ______________________________________________________________________________________2.  ______________________________________________________________________________________3.  ______________________________________________________________________________________",,
"",,
"",,
"In Parts 1 through 18, you will disclose your financial activity during the preceding calendar year. In Parts 1 through 14, you arerequired to disclose not only your own financial activity, but also that of your spouse or a dependent child (see instructions).",,
Amount
X
""
X
""
""
""
""
""
"",SOURCES OF OCCUPATIONAL INCOMEPART 1A
"","If the requested information is not applicable, indicate that on Page 2 of the Cover Sheet, and DO NOT include this page in the report."
"","When reporting information about a dependent child's activity, indicate the child about whom you are reporting by providing the number under"
"",which the child is listed on the Cover Sheet.
1,INFORMATION RELATES TO
"",X FILER SPOUSE DEPENDENT CHILD _____
2,EMPLOYMENT NAME AND ADDRESS OF EMPLOYER / POSITION HELD
"",EMPLOYED BY ANOTHER X (Check if Filer's Home Address)
"",EMPLOYER
"",SELF
"",ADDRESS / PO BOX;APT / SUITE #;CITY;STATE;ZIP CODE
"",P.O. Box 125
"","Junction, TX 76849"
"",POSITION HELD
"",NATURE OF OCCUPATION
"","X SELF-EMPLOYED Ranching, game management"
"",INFORMATION RELATES TO
"",X FILER SPOUSE DEPENDENT CHILD _____
"",EMPLOYMENT NAME AND ADDRESS OF EMPLOYER / POSITION HELD
"",X EMPLOYED BY ANOTHER (Check if Filer's Home Address)
"",EMPLOYER
"",Junction National Bank
"",ADDRESS / PO BOX;APT / SUITE #;CITY;STATE;ZIP CODE
"",P. O. Box 65
"","Junction, TX 76849"
"",POSITION HELD
"","Director, Board of Directors"
"",NATURE OF OCCUPATION
"",SELF-EMPLOYED
"",INFORMATION RELATES TO
"",X FILER SPOUSE DEPENDENT CHILD _____
"",EMPLOYMENT NAME AND ADDRESS OF EMPLOYER / POSITION HELD
"",X EMPLOYED BY ANOTHER X (Check if Filer's Home Address)
"",EMPLOYER
"",HF Ranch Partnership
"",ADDRESS / PO BOX;APT / SUITE #;CITY;STATE;ZIP CODE
"",P.O. Box 125
"","Junction, TX 76849"
"",POSITION HELD
"","Ranching, game management"
"",NATURE OF OCCUPATION
"",SELF-EMPLOYED
"",SOURCES OF OCCUPATIONAL INCOMEPART 1A
"","If the requested information is not applicable, indicate that on Page 2 of the Cover Sheet, and DO NOT include this page in the report."
"","When reporting information about a dependent child's activity, indicate the child about whom you are reporting by providing the number under"
"",which the child is listed on the Cover Sheet.
1,INFORMATION RELATES TO
"",X FILER SPOUSE DEPENDENT CHILD _____
2,EMPLOYMENT NAME AND ADDRESS OF EMPLOYER / POSITION HELD
"",X EMPLOYED BY ANOTHER X (Check if Filer's Home Address)
"",EMPLOYER
"","Murr Law Office, P.L.L.C."
"",ADDRESS / PO BOX;APT / SUITE #;CITY;STATE;ZIP CODE
"",P.O. Box 125
"","Junction, TX 76849"
"",POSITION HELD
"",Managing member
"",NATURE OF OCCUPATION
"",SELF-EMPLOYED
"",INFORMATION RELATES TO
"",X FILER SPOUSE DEPENDENT CHILD _____
"",EMPLOYMENT NAME AND ADDRESS OF EMPLOYER / POSITION HELD
"",X EMPLOYED BY ANOTHER X (Check if Filer's Home Address)
"",EMPLOYER
"",Telegraph Title Company
"",ADDRESS / PO BOX;APT / SUITE #;CITY;STATE;ZIP CODE
"",P.O. Box 125
"","Junction, TX 76849"
"",POSITION HELD
"",President
"",NATURE OF OCCUPATION
"",SELF-EMPLOYED
"",INFORMATION RELATES TO
"",FILER X SPOUSE DEPENDENT CHILD _____
"",EMPLOYMENT NAME AND ADDRESS OF EMPLOYER / POSITION HELD
"",X EMPLOYED BY ANOTHER (Check if Filer's Home Address)
"",EMPLOYER
"",WFG National Title Insurance Company
"",ADDRESS / PO BOX;APT / SUITE #;CITY;STATE;ZIP CODE
"",12909 SW 58th Parkway
"","Portland, OR 97223"
"",POSITION HELD
"",Agency Representative
"",NATURE OF OCCUPATION
"",SELF-EMPLOYED
"",STOCKPART 2
"","If the requested information is not applicable, indicate that on Page 2 of the Cover Sheet, and DO NOT include this page in the report."
"","List each business entity in which you, your spouse, or a dependent child held or acquired stock during the calendar year and indicate the"
"","category of the number of shares held or acquired. If some or all of the stock was sold, also indicate the category of the amount of the net gain or"
"","loss realized from the sale. For more information, see FORM PFS--INSTRUCTION GUIDE."
"","When reporting information about a dependent child's activity, indicate the child about whom you are reporting by providing the number under"
"",which the child is listed on the Cover Sheet.
1,BUSINESS ENTITY NAME
"",Junction National Bank
2,STOCK HELD OR
"",ACQUIRED BY X FILER SPOUSE DEPENDENT CHILD ______________
3,NUMBER OF SHARES
"","X LESS THAN 100 100 TO 499 500 TO 999 1,000 TO 4,999"
"","LESS THAN 10K 10,000 OR MORE"
4,IF SOLD NET GAIN
"","LESS THAN $5,000 $5,000 - $9,999 $10,000 - $24,999 $25,000--OR MORE"
"",NET LOSS
"",BUSINESS ENTITY NAME
"",Telegraph Title Company
"",STOCK HELD OR
"",ACQUIRED BY X FILER SPOUSE DEPENDENT CHILD ______________
"",NUMBER OF SHARES
"","LESS THAN 100 100 TO 499 500 TO 999 1,000 TO 4,999"
"","LESS THAN 10K X 10,000 OR MORE"
"",IF SOLD NET GAIN
"","LESS THAN $5,000 $5,000 - $9,999 $10,000 - $24,999 $25,000--OR MORE"
"",NET LOSS
"",MUTUAL FUNDSPART 4
"","If the requested information is not applicable, indicate that on Page 2 of the Cover Sheet, and DO NOT include this page in the report."
"","List each mutual fund and the number of shares in that mutual fund that you, your spouse, or a dependent child held or acquired during the"
"",calendar year and indicate the category of the number of shares of mutual funds held or acquired. If some or all of the shares of a mutual fund
"","were sold, also indicate the category of the amount of the net gain or loss realized from the sale. For more nformation, see FORM PFS--"
"",INSTRUCTION GUIDE.
"","When reporting information about a dependent child's activity, indicate the child about whom you are reporting by providing the number under"
"",which the child is listed on the Cover Sheet.
1,MUTUAL FUND NAME
"",Edward Jones
2,SHARES OF MUTUAL FUND
"",HELD OR ACQUIRED BY X FILER SPOUSE DEPENDENT CHILD ______________
3,NUMBER OF SHARES OF
"","MUTUAL FUND LESS THAN 100 X 100 TO 499 500 TO 999 1,000 TO 4,999"
"","5,000 to 9,999 10,000 OR MORE"
4,IF SOLD NET GAIN
"","LESS THAN $5,000 $5,000 - $9,999 $10,000 - $24,999 $25,000--OR MORE"
"",NET LOSS
"",MUTUAL FUND NAME
"",Fidelity Roth IRA
"",SHARES OF MUTUAL FUND
"",HELD OR ACQUIRED BY X FILER SPOUSE DEPENDENT CHILD ______________
"",NUMBER OF SHARES OF
"","MUTUAL FUND LESS THAN 100 100 TO 499 500 TO 999 1,000 TO 4,999"
"","X 5,000 to 9,999 10,000 OR MORE"
"",IF SOLD NET GAIN
"","LESS THAN $5,000 $5,000 - $9,999 $10,000 - $24,999 $25,000--OR MORE"
"",NET LOSS
"",MUTUAL FUND NAME
"",Hilltop Security Roth IRA
"",SHARES OF MUTUAL FUND
"",HELD OR ACQUIRED BY FILER X SPOUSE DEPENDENT CHILD ______________
"",NUMBER OF SHARES OF
"","MUTUAL FUND LESS THAN 100 X 100 TO 499 500 TO 999 1,000 TO 4,999"
"","5,000 to 9,999 10,000 OR MORE"
"",IF SOLD NET GAIN
"","LESS THAN $5,000 $5,000 - $9,999 $10,000 - $24,999 $25,000--OR MORE"
"",NET LOSS
"","INCOME FROM INTEREST, DIVIDENDS, ROYALTIES & RENTSPART 5"
"","If the requested information is not applicable, indicate that on Page 2 of the Cover Sheet, and DO NOT include this page in the report."
"","List each source of income you, your spouse, or a dependent child received in excess of $500 that was derived from interest, dividends, royalties,"
"","and rents during the calendar year and indicate the category of the amount of the income. For more information, see FORM PFS--"
"",INSTRUCTION GUIDE.
"","When reporting information about a dependent child's activity, indicate the child about whom you are reporting by providing the number under"
"",which the child is listed on the Cover Sheet.
1,SOURCE OF INCOME NAME AND ADDRESS
"",Junction National Bank
"",Publicly held corporation ADDRESS / PO BOX;APT / SUITE #;CITY;STATE;ZIP CODE
"",P. O. Box 65
"","Junction, TX 76849"
2,RECEIVED BY
"",X FILER SPOUSE DEPENDENT CHILD ______________
3,AMOUNT
"","X $500 - $4,999 $5,000 - $9,999 $10,000 - $24,999 $25,000--OR MORE"
"",SOURCE OF INCOME NAME AND ADDRESS
"",Adventures Embroidery
"",Publicly held corporation ADDRESS / PO BOX;APT / SUITE #;CITY;STATE;ZIP CODE
"",605 Main Street
"","Junction, TX 76849"
"",RECEIVED BY
"",X FILER SPOUSE DEPENDENT CHILD ______________
"",AMOUNT
"","X $500 - $4,999 $5,000 - $9,999 $10,000 - $24,999 $25,000--OR MORE"
"",SOURCE OF INCOME NAME AND ADDRESS
"","Heap Law Office, P.L.L.C."
"",Publicly held corporation ADDRESS / PO BOX;APT / SUITE #;CITY;STATE;ZIP CODE
"",131 North 6th Street
"","Junction, TX 76849"
"",RECEIVED BY
"",X FILER SPOUSE DEPENDENT CHILD ______________
"",AMOUNT
"","X $500 - $4,999 $5,000 - $9,999 $10,000 - $24,999 $25,000--OR MORE"
"",SOURCE OF INCOME NAME AND ADDRESS
"",Shanae Dale
"",Publicly held corporation ADDRESS / PO BOX;APT / SUITE #;CITY;STATE;ZIP CODE
"",605 Main Street
"","Junction, TX 76849"
"",RECEIVED BY
"",X FILER SPOUSE DEPENDENT CHILD ______________
"",AMOUNT
"","X $500 - $4,999 $5,000 - $9,999 $10,000 - $24,999 $25,000--OR MORE"
"1SOURCE OF INCOMEPublicly held corporation"
""
"List each source of income you, your spouse, or a dependent child received in excess of $500 that was derived from interest, dividends, royalties,and rents during the calendar year and indicate the category of the amount of the income. For more information, see FORM PFS--INSTRUCTION GUIDE.When reporting information about a dependent child's activity, indicate the child about whom you are reporting by providing the number underwhich the child is listed on the Cover Sheet.",,,,
"1SOURCE OF INCOMEPublicly held corporation","NAME AND ADDRESSAngela HernandezADDRESS / PO BOX;      APT / SUITE #;          CITY;          STATE;            ZIP CODE273 Meadow AvenueNew Braunfels, TX 78130",,,
"",,,,
"2RECEIVED BY","FILERXSPOUSEDEPENDENT CHILD______________",,,
"",,X,,
"3AMOUNT","$500 - $4,999$5,000 - $9,999X$10,000 - $24,999$25,000--OR MORE",,,
"",,,X,
"",,,,
"SOURCE OF INCOMEPublicly held corporation","NAME AND ADDRESSTexas Blitz Strategies, LLCADDRESS / PO BOX;      APT / SUITE #;          CITY;          STATE;            ZIP CODE1111 Gardenia DriveNew Braunfels, TX 78130",,,
"",,,,
RECEIVED BY,"FILERXSPOUSEDEPENDENT CHILD______________",,,
"",,X,,
AMOUNT,"$500 - $4,999$5,000 - $9,999X$10,000 - $24,999$25,000--OR MORE",,,
"",,X,,
"FILERXSPOUSEDEPENDENT CHILD______________"
X
"FILERXSPOUSEDEPENDENT CHILD______________"
""
"FILERXSPOUSEDEPENDENT CHILD______________"
""
"$500 - $4,999$5,000 - $9,999X$10,000 - $24,999$25,000--OR MORE"
""
"$500 - $4,999$5,000 - $9,999X$10,000 - $24,999$25,000--OR MORE"
""
"$500 - $4,999$5,000 - $9,999X$10,000 - $24,999$25,000--OR MORE"
X
"$500 - $4,999$5,000 - $9,999X$10,000 - $24,999$25,000--OR MORE"
""
"SOURCE OF INCOMEPublicly held corporation"
""
"FILERXSPOUSEDEPENDENT CHILD______________"
""
"FILERXSPOUSEDEPENDENT CHILD______________"
""
"FILERXSPOUSEDEPENDENT CHILD______________"
X
"$500 - $4,999$5,000 - $9,999X$10,000 - $24,999$25,000--OR MORE"
""
"$500 - $4,999$5,000 - $9,999X$10,000 - $24,999$25,000--OR MORE"
""
"$500 - $4,999$5,000 - $9,999X$10,000 - $24,999$25,000--OR MORE"
X
"$500 - $4,999$5,000 - $9,999X$10,000 - $24,999$25,000--OR MORE"
""
"",PERSONAL NOTES AND LEASE AGREEMENTSPART 6
"","If the requested information is not applicable, indicate that on Page 2 of the Cover Sheet, and DO NOT include this page in the report."
"","Identify each guarantor of a loan and each person or financial institution to whom you, your spouse, or a dependent child had a total financial"
"","liability of more than $1,000 in the form of a personal note or notes or lease agreement at any time during the calendar year and indicate the"
"","category of the amount of the liability. For more information, see FORM PFS--INSTRUCTION GUIDE."
"","When reporting information about a dependent child's activity, indicate the child about whom you are reporting by providing the number under"
"",which the child is listed on the Cover Sheet.
1,PERSON OR INSTITUTION First State Bank
"",HOLDING NOTE OR
"",LEASE AGREEMENT
2,LIABILITY OF
"",X FILER SPOUSE DEPENDENT CHILD ______________
3,GUARANTOR NONE
4,AMOUNT
"","$1,000 - $4,999 $5,000 - $9,999 $10,000 - $24,999 X $25,000--OR MORE"
"","PERSON OR INSTITUTION Murr, Robert (Mr.)"
"",HOLDING NOTE OR
"",LEASE AGREEMENT
"",LIABILITY OF
"",X FILER SPOUSE DEPENDENT CHILD ______________
"",GUARANTOR NONE
"",AMOUNT
"","$1,000 - $4,999 $5,000 - $9,999 $10,000 - $24,999 X $25,000--OR MORE"
"","PERSON OR INSTITUTION Alamo Freight Lines, Inc."
"",HOLDING NOTE OR
"",LEASE AGREEMENT
"",LIABILITY OF
"",X FILER SPOUSE DEPENDENT CHILD ______________
"",GUARANTOR NONE
"",AMOUNT
"","$1,000 - $4,999 $5,000 - $9,999 $10,000 - $24,999 X $25,000--OR MORE"
"","PERSON OR INSTITUTION Chandler, Fred and Jane"
"",HOLDING NOTE OR
"",LEASE AGREEMENT
"",LIABILITY OF
"",X FILER SPOUSE DEPENDENT CHILD ______________
"",GUARANTOR NONE
"",AMOUNT
"","$1,000 - $4,999 $5,000 - $9,999 $10,000 - $24,999 X $25,000--OR MORE"
"",PERSONAL NOTES AND LEASE AGREEMENTSPART 6
"","If the requested information is not applicable, indicate that on Page 2 of the Cover Sheet, and DO NOT include this page in the report."
"","Identify each guarantor of a loan and each person or financial institution to whom you, your spouse, or a dependent child had a total financial"
"","liability of more than $1,000 in the form of a personal note or notes or lease agreement at any time during the calendar year and indicate the"
"","category of the amount of the liability. For more information, see FORM PFS--INSTRUCTION GUIDE."
"","When reporting information about a dependent child's activity, indicate the child about whom you are reporting by providing the number under"
"",which the child is listed on the Cover Sheet.
1,PERSON OR INSTITUTION Guild Mortgage Company
"",HOLDING NOTE OR
"",LEASE AGREEMENT
2,LIABILITY OF
"",FILER X SPOUSE DEPENDENT CHILD ______________
3,GUARANTOR NONE
4,AMOUNT
"","$1,000 - $4,999 $5,000 - $9,999 $10,000 - $24,999 X $25,000--OR MORE"
"",PERSON OR INSTITUTION The Independent Bankers Bank
"",HOLDING NOTE OR
"",LEASE AGREEMENT
"",LIABILITY OF
"",FILER X SPOUSE DEPENDENT CHILD ______________
"",GUARANTOR NONE
"",AMOUNT
"","$1,000 - $4,999 $5,000 - $9,999 $10,000 - $24,999 X $25,000--OR MORE"
"",PERSON OR INSTITUTION Randolph Brooks Federal Credit Union
"",HOLDING NOTE OR
"",LEASE AGREEMENT
"",LIABILITY OF
"",FILER X SPOUSE DEPENDENT CHILD ______________
"",GUARANTOR NONE
"",AMOUNT
"","$1,000 - $4,999 X $5,000 - $9,999 $10,000 - $24,999 $25,000--OR MORE"
"",INTERESTS IN REAL PROPERTYPART 7A
"","If the requested information is not applicable, indicate that on Page 2 of the Cover Sheet, and DO NOT include this page in the report."
"","Describe all beneficial interests in real property held or acquired by you, your spouse, or a dependent child during the calendar year. If the"
"","interest was sold, also indicate the category of the amount of the net gain or loss realized from the sale.  For an explanation of ""beneficial"
"","interest"" and other specific directions for completing this section, see FORM PFS--INSTRUCTION GUIDE."
"","When reporting information about a dependent child's activity, indicate the child about whom you are reporting by providing the number under"
"",which the child is listed on the Cover Sheet.
1,HELD OR ACQUIRED BY
"",X FILER SPOUSE DEPENDENT CHILD ______________
2,"STREET ADDRESS STREET ADDRESS, INCLUDING CITY, COUNTY, AND STATE"
"",X NOT AVAILABLE
"",CHECK IF FILER'S
"",HOME ADDRESS
3,DESCRIPTION NUMBER OF LOTS OR ACRES AND NAME OF COUNTY WHERE LOCATED
"",LOTS 3800.00000 acres
"",X ACRES Kimble
4,"NAMES OF PERSONS Bean, Rachel (Mrs.)"
"",RETAINING AN INTEREST
"",NOT APPLICABLE
"",(SEVERED MINERAL
"",INTEREST)
5,IF SOLD NET GAIN
"","LESS THAN $5,000 $5,000 - $9,999 $10,000 - $24,999 $25,000--OR MORE"
"",NET LOSS
"",HELD OR ACQUIRED BY
"",X FILER SPOUSE DEPENDENT CHILD ______________
"","STREET ADDRESS STREET ADDRESS, INCLUDING CITY, COUNTY, AND STATE"
"",NOT AVAILABLE 107/109 South 12th Street
"",CHECK IF FILER'S
"","HOME ADDRESS Junction, TX 76849"
"",DESCRIPTION NUMBER OF LOTS OR ACRES AND NAME OF COUNTY WHERE LOCATED
"",X LOTS 1.00000 lots
"",ACRES Kimble
"",NAMES OF PERSONS
"",RETAINING AN INTEREST
"",X NOT APPLICABLE
"",(SEVERED MINERAL
"",INTEREST)
"",IF SOLD NET GAIN
"","LESS THAN $5,000 $5,000 - $9,999 $10,000 - $24,999 $25,000--OR MORE"
"",NET LOSS
"",INTERESTS IN REAL PROPERTYPART 7A
"","If the requested information is not applicable, indicate that on Page 2 of the Cover Sheet, and DO NOT include this page in the report."
"","Describe all beneficial interests in real property held or acquired by you, your spouse, or a dependent child during the calendar year. If the"
"","interest was sold, also indicate the category of the amount of the net gain or loss realized from the sale.  For an explanation of ""beneficial"
"","interest"" and other specific directions for completing this section, see FORM PFS--INSTRUCTION GUIDE."
"","When reporting information about a dependent child's activity, indicate the child about whom you are reporting by providing the number under"
"",which the child is listed on the Cover Sheet.
1,HELD OR ACQUIRED BY
"",X FILER SPOUSE DEPENDENT CHILD ______________
2,"STREET ADDRESS STREET ADDRESS, INCLUDING CITY, COUNTY, AND STATE"
"",NOT AVAILABLE 131 North 6th Street
"",CHECK IF FILER'S
"","HOME ADDRESS Junction, TX 76849"
3,DESCRIPTION NUMBER OF LOTS OR ACRES AND NAME OF COUNTY WHERE LOCATED
"",X LOTS 1.00000 lots
"",ACRES Kimble
4,NAMES OF PERSONS
"",RETAINING AN INTEREST
"",X NOT APPLICABLE
"",(SEVERED MINERAL
"",INTEREST)
5,IF SOLD NET GAIN
"","LESS THAN $5,000 $5,000 - $9,999 $10,000 - $24,999 $25,000--OR MORE"
"",NET LOSS
"",HELD OR ACQUIRED BY
"",X FILER SPOUSE DEPENDENT CHILD ______________
"","STREET ADDRESS STREET ADDRESS, INCLUDING CITY, COUNTY, AND STATE"
"",NOT AVAILABLE 605 Main Street
"",CHECK IF FILER'S
"","HOME ADDRESS Junction, TX 76849"
"",DESCRIPTION NUMBER OF LOTS OR ACRES AND NAME OF COUNTY WHERE LOCATED
"",X LOTS 1.00000 lots
"",ACRES Kimble
"",NAMES OF PERSONS
"",RETAINING AN INTEREST
"",X NOT APPLICABLE
"",(SEVERED MINERAL
"",INTEREST)
"",IF SOLD NET GAIN
"","LESS THAN $5,000 $5,000 - $9,999 $10,000 - $24,999 $25,000--OR MORE"
"",NET LOSS
"",INTERESTS IN REAL PROPERTYPART 7A
"","If the requested information is not applicable, indicate that on Page 2 of the Cover Sheet, and DO NOT include this page in the report."
"","Describe all beneficial interests in real property held or acquired by you, your spouse, or a dependent child during the calendar year. If the"
"","interest was sold, also indicate the category of the amount of the net gain or loss realized from the sale.  For an explanation of ""beneficial"
"","interest"" and other specific directions for completing this section, see FORM PFS--INSTRUCTION GUIDE."
"","When reporting information about a dependent child's activity, indicate the child about whom you are reporting by providing the number under"
"",which the child is listed on the Cover Sheet.
1,HELD OR ACQUIRED BY
"",X FILER SPOUSE DEPENDENT CHILD ______________
2,"STREET ADDRESS STREET ADDRESS, INCLUDING CITY, COUNTY, AND STATE"
"",NOT AVAILABLE 135 North 6th Street
"",CHECK IF FILER'S
"","HOME ADDRESS Junction, TX 76849"
3,DESCRIPTION NUMBER OF LOTS OR ACRES AND NAME OF COUNTY WHERE LOCATED
"",X LOTS 1.00000 lots
"",ACRES Kimble
4,NAMES OF PERSONS
"",RETAINING AN INTEREST
"",X NOT APPLICABLE
"",(SEVERED MINERAL
"",INTEREST)
5,IF SOLD NET GAIN
"","LESS THAN $5,000 $5,000 - $9,999 $10,000 - $24,999 $25,000--OR MORE"
"",NET LOSS
"",HELD OR ACQUIRED BY
"",X FILER SPOUSE DEPENDENT CHILD ______________
"","STREET ADDRESS STREET ADDRESS, INCLUDING CITY, COUNTY, AND STATE"
"",X NOT AVAILABLE
"",CHECK IF FILER'S
"",HOME ADDRESS
"",DESCRIPTION NUMBER OF LOTS OR ACRES AND NAME OF COUNTY WHERE LOCATED
"",LOTS 500.00000 acres
"",X ACRES Kimble and Edwards
"","NAMES OF PERSONS Chandler, Jane (Mrs.)"
"",RETAINING AN INTEREST
"",NOT APPLICABLE
"",(SEVERED MINERAL
"",INTEREST)
"",IF SOLD NET GAIN
"","LESS THAN $5,000 $5,000 - $9,999 $10,000 - $24,999 $25,000--OR MORE"
"",NET LOSS
"",INTERESTS IN REAL PROPERTYPART 7A
"","If the requested information is not applicable, indicate that on Page 2 of the Cover Sheet, and DO NOT include this page in the report."
"","Describe all beneficial interests in real property held or acquired by you, your spouse, or a dependent child during the calendar year. If the"
"","interest was sold, also indicate the category of the amount of the net gain or loss realized from the sale.  For an explanation of ""beneficial"
"","interest"" and other specific directions for completing this section, see FORM PFS--INSTRUCTION GUIDE."
"","When reporting information about a dependent child's activity, indicate the child about whom you are reporting by providing the number under"
"",which the child is listed on the Cover Sheet.
1,HELD OR ACQUIRED BY
"",FILER X SPOUSE DEPENDENT CHILD ______________
2,"STREET ADDRESS STREET ADDRESS, INCLUDING CITY, COUNTY, AND STATE"
"",NOT AVAILABLE 1111 Gardenia Drive
"",CHECK IF FILER'S
"","HOME ADDRESS New Braunfels, TX 78130"
3,DESCRIPTION NUMBER OF LOTS OR ACRES AND NAME OF COUNTY WHERE LOCATED
"",X LOTS 1.00000 lots
"",ACRES Comal
4,NAMES OF PERSONS
"",RETAINING AN INTEREST
"",X NOT APPLICABLE
"",(SEVERED MINERAL
"",INTEREST)
5,IF SOLD NET GAIN
"","LESS THAN $5,000 $5,000 - $9,999 $10,000 - $24,999 $25,000--OR MORE"
"",NET LOSS
"",HELD OR ACQUIRED BY
"",FILER X SPOUSE DEPENDENT CHILD ______________
"","STREET ADDRESS STREET ADDRESS, INCLUDING CITY, COUNTY, AND STATE"
"",NOT AVAILABLE 273 Meadow Avenue
"",CHECK IF FILER'S
"","HOME ADDRESS New Braunfels, TX 78130"
"",DESCRIPTION NUMBER OF LOTS OR ACRES AND NAME OF COUNTY WHERE LOCATED
"",X LOTS 1.00000 lots
"",ACRES Comal
"",NAMES OF PERSONS
"",RETAINING AN INTEREST
"",X NOT APPLICABLE
"",(SEVERED MINERAL
"",INTEREST)
"",IF SOLD NET GAIN
"","LESS THAN $5,000 $5,000 - $9,999 $10,000 - $24,999 $25,000--OR MORE"
"",NET LOSS
"",INTEREST IN BUSINESS ENTITIESPART 7B
"","If the requested information is not applicable, indicate that on Page 2 of the Cover Sheet, and DO NOT include this page in the report."
"","Describe all beneficial interests in business entities held or acquired by you, your spouse, or a dependent child during the"
"","calendar year. If the interest was sold, also indicate the category of the amount of the net gain or loss realized from the sale."
"","For an explanation of ""beneficial interest"" and other specific directions for completing this section, see FORM PFS--INSTRUCTION GUIDE."
"","When reporting information about a dependent child's activity, indicate the child about whom you are reporting by providing the number under"
"",which the child is listed on the Cover Sheet.
1,HELD OR ACQUIRED BY
"",X FILER SPOUSE DEPENDENT CHILD ______________
2,DESCRIPTION NAME AND ADDRESS
"",X (Check if Filer's Home Address)
"","Murr Law Office, P.L.L.C."
"",P.O. Box 125
"","Junction, TX 76849"
3,IF SOLD NET GAIN
"","LESS THAN $5,000 $5,000 - $9,999 $10,000 - $24,999 $25,000--OR MORE"
"",NET LOSS
"",HELD OR ACQUIRED BY
"",X FILER SPOUSE DEPENDENT CHILD ______________
"",DESCRIPTION NAME AND ADDRESS
"",X (Check if Filer's Home Address)
"",Telegraph Title Company
"",P.O. Box 125
"","Junction, TX 76849"
"",IF SOLD NET GAIN
"","LESS THAN $5,000 $5,000 - $9,999 $10,000 - $24,999 $25,000--OR MORE"
"",NET LOSS
"",HELD OR ACQUIRED BY
"",X FILER SPOUSE DEPENDENT CHILD ______________
"",DESCRIPTION NAME AND ADDRESS
"",X (Check if Filer's Home Address)
"",HF Ranch Partnership
"",P.O. Box 125
"","Junction, TX 76849"
"",IF SOLD NET GAIN
"","LESS THAN $5,000 $5,000 - $9,999 $10,000 - $24,999 $25,000--OR MORE"
"",NET LOSS
"",HELD OR ACQUIRED BY
"",X FILER SPOUSE DEPENDENT CHILD ______________
"",DESCRIPTION NAME AND ADDRESS
"",X (Check if Filer's Home Address)
"",Andrew Murr
"",P.O. Box 125
"","Junction, TX 76849"
"",IF SOLD NET GAIN
"","LESS THAN $5,000 $5,000 - $9,999 $10,000 - $24,999 $25,000--OR MORE"
"",NET LOSS
"",INTEREST IN BUSINESS ENTITIESPART 7B
"","If the requested information is not applicable, indicate that on Page 2 of the Cover Sheet, and DO NOT include this page in the report."
"","Describe all beneficial interests in business entities held or acquired by you, your spouse, or a dependent child during the"
"","calendar year. If the interest was sold, also indicate the category of the amount of the net gain or loss realized from the sale."
"","For an explanation of ""beneficial interest"" and other specific directions for completing this section, see FORM PFS--INSTRUCTION GUIDE."
"","When reporting information about a dependent child's activity, indicate the child about whom you are reporting by providing the number under"
"",which the child is listed on the Cover Sheet.
1,HELD OR ACQUIRED BY
"",FILER X SPOUSE DEPENDENT CHILD ______________
2,DESCRIPTION NAME AND ADDRESS
"",(Check if Filer's Home Address)
"",Wendmill LLC
"",400 W San Antonio Street
"","New Braunfels, TX 78130"
3,IF SOLD NET GAIN
"","LESS THAN $5,000 $5,000 - $9,999 $10,000 - $24,999 $25,000--OR MORE"
"",NET LOSS
"",HELD OR ACQUIRED BY
"",FILER X SPOUSE DEPENDENT CHILD ______________
"",DESCRIPTION NAME AND ADDRESS
"",(Check if Filer's Home Address)
"","Texas Blitz Strategies, LLC"
"",1111 Gardenia Drive
"","New Braunfels, TX 78130"
"",IF SOLD NET GAIN
"","LESS THAN $5,000 $5,000 - $9,999 $10,000 - $24,999 $25,000--OR MORE"
"",NET LOSS
"",OWNERSHIP OF BUSINESS ASSOCIATIONS
"",PART 11A
"","If the requested information is not applicable, indicate that on Page 2 of the Cover Sheet, and DO NOT include this page in the report."
"","Describe each corporation, firm, partnership, limited partnership, limited liability partnership, professional corporation, professional association, joint"
"","venture, or other business association in which you, your spouse, or a dependent child held, acquired, or sold 5 percent or more of the outstanding"
"","ownership. For more information, see FORM PFS--INSTRUCTION GUIDE."
"","When reporting information about a dependent child's activity, indicate the child about whom you are reporting by providing the number under which"
"",the child is listed on the Cover Sheet.
1,BUSINESS ASSOCIATION NAME AND ADDRESS
"",X (Check If Filer's Home Address)
"","Murr Law Office, P. L. L. C."
"",P. O. Box125
"","Junction, TX 76849"
2,DESCRIPTION
3,BUSINESS TYPE Corporation Limited Partnership Profesional Association
"",Firm Limited Liability Partnership Joint Venture
"",Partnership Professional Corporation X _O_th_e_r__________
4,"HELD, ACQUIRED,"
"",OR SOLD BY X FILER SPOUSE DEPENDENT CHILD ______________
1,BUSINESS ASSOCIATION NAME AND ADDRESS
"",X (Check If Filer's Home Address)
"",Telegraph Title Company
"",P.O. Box 125
"","Junction, TX 76849"
2,DESCRIPTION
3,BUSINESS TYPE X Corporation Limited Partnership Profesional Association
"",Firm Limited Liability Partnership Joint Venture
"",Partnership Professional Corporation O__th_e_r__________
4,"HELD, ACQUIRED,"
"",OR SOLD BY X FILER SPOUSE DEPENDENT CHILD ______________
"",OWNERSHIP OF BUSINESS ASSOCIATIONS
"",PART 11A
"","If the requested information is not applicable, indicate that on Page 2 of the Cover Sheet, and DO NOT include this page in the report."
"","Describe each corporation, firm, partnership, limited partnership, limited liability partnership, professional corporation, professional association, joint"
"","venture, or other business association in which you, your spouse, or a dependent child held, acquired, or sold 5 percent or more of the outstanding"
"","ownership. For more information, see FORM PFS--INSTRUCTION GUIDE."
"","When reporting information about a dependent child's activity, indicate the child about whom you are reporting by providing the number under which"
"",the child is listed on the Cover Sheet.
1,BUSINESS ASSOCIATION NAME AND ADDRESS
"",X (Check If Filer's Home Address)
"",HF Ranch Partnership
"",P.O. Box 125
"","Junction, TX 76849"
2,DESCRIPTION
3,BUSINESS TYPE Corporation Limited Partnership Profesional Association
"",Firm Limited Liability Partnership Joint Venture
"",X Partnership Professional Corporation _O_th_e_r__________
4,"HELD, ACQUIRED,"
"",OR SOLD BY X FILER SPOUSE DEPENDENT CHILD ______________
1,BUSINESS ASSOCIATION NAME AND ADDRESS
"",X (Check If Filer's Home Address)
"",Andrew Murr
"",P.O. Box 125
"","Junction, TX 76849"
2,DESCRIPTION
3,BUSINESS TYPE Corporation Limited Partnership Profesional Association
"",Firm Limited Liability Partnership Joint Venture
"",Partnership Professional Corporation X O__th_e_r__________
4,"HELD, ACQUIRED,"
"",OR SOLD BY X FILER SPOUSE DEPENDENT CHILD ______________
"",OWNERSHIP OF BUSINESS ASSOCIATIONS
"",PART 11A
"","If the requested information is not applicable, indicate that on Page 2 of the Cover Sheet, and DO NOT include this page in the report."
"","Describe each corporation, firm, partnership, limited partnership, limited liability partnership, professional corporation, professional association, joint"
"","venture, or other business association in which you, your spouse, or a dependent child held, acquired, or sold 5 percent or more of the outstanding"
"","ownership. For more information, see FORM PFS--INSTRUCTION GUIDE."
"","When reporting information about a dependent child's activity, indicate the child about whom you are reporting by providing the number under which"
"",the child is listed on the Cover Sheet.
1,BUSINESS ASSOCIATION NAME AND ADDRESS
"",(Check If Filer's Home Address)
"","Wendmill, L.L.C."
"",400 W San Antonio Street
"","New Braunfels , TX 78130"
2,DESCRIPTION
3,BUSINESS TYPE Corporation Limited Partnership Profesional Association
"",Firm Limited Liability Partnership Joint Venture
"",Partnership Professional Corporation X O__th_e_r__________
4,"HELD, ACQUIRED,"
"",OR SOLD BY FILER X SPOUSE DEPENDENT CHILD ______________
1,BUSINESS ASSOCIATION NAME AND ADDRESS
"",(Check If Filer's Home Address)
"","Texas Blitz Strategies, L.L.C."
"",1111 Gardenia Drive
"","New Braunfels, TX 78130"
2,DESCRIPTION
3,BUSINESS TYPE Corporation Limited Partnership Profesional Association
"",Firm Limited Liability Partnership Joint Venture
"",Partnership Professional Corporation X _O_th_e_r__________
4,"HELD, ACQUIRED,"
"",OR SOLD BY FILER X SPOUSE DEPENDENT CHILD ______________
"Describe all assets of each corporation, firm, partnership, limited partnership, limited liability partnership, professional corporation, professionalassociation, joint venture, or other business association in which you, your spouse, or a dependent child held, acquired, or sold 50 percent or moreof the outstanding ownership and indicate the category of the amount of the assets. For more information, see FORM PFS--INSTRUCTION GUIDE.When reporting information about a dependent child's activity, indicate the child about whom you are reporting by providing the number under whichthe child is listed on the Cover Sheet.",,,
"1BUSINESSASSOCIATION","NAME AND ADDRESSX(Check If Filer's Home Address)Murr Law Office, P. L. L. C.P. O. Box125Junction, TX 76849",,
"",,X,
"2BUSINESS TYPE",Other Business Association,,
"3HELD, ACQUIRED,OR SOLD BY","XFILERSPOUSEDEPENDENT CHILD______________",,
"",X,,
"4ASSETS","DESCRIPTIONfurniture, fixtures, accounts receivable and cashon hand.","CATEGORYLESS THAN $5,000X$5,000 - $9,999$10,000 - $24,999$25,000 OR MORE",
"",,,X
"",,,
"",,,
"1BUSINESSASSOCIATION","NAME AND ADDRESSX(Check If Filer's Home Address)Telegraph Title CompanyP.O. Box 125Junction, TX 76849",,
"",,X,
"2BUSINESS TYPE",Corporation,,
"3HELD, ACQUIRED,OR SOLD BY","XFILERSPOUSEDEPENDENT CHILD______________",,
"",X,,
"4ASSETS","DESCRIPTIONfurniture, fixtures, accounts receivable and cashon hand.","CATEGORYLESS THAN $5,000$5,000 - $9,999$10,000 - $24,999X$25,000 OR MORE",
"",,,
"",X,,
"",,,
"",,,
"",,,
"NAME AND ADDRESSX(Check If Filer's Home Address)Murr Law Office, P. L. L. C.P. O. Box125Junction, TX 76849"
X
"XFILERSPOUSEDEPENDENT CHILD______________"
""
"XFILERSPOUSEDEPENDENT CHILD______________"
X
"XFILERSPOUSEDEPENDENT CHILD______________"
""
"CATEGORYLESS THAN $5,000X$5,000 - $9,999$10,000 - $24,999$25,000 OR MORE"
X
"CATEGORYLESS THAN $5,000X$5,000 - $9,999$10,000 - $24,999$25,000 OR MORE"
""
"CATEGORYLESS THAN $5,000X$5,000 - $9,999$10,000 - $24,999$25,000 OR MORE"
""
"CATEGORYLESS THAN $5,000X$5,000 - $9,999$10,000 - $24,999$25,000 OR MORE"
""
"NAME AND ADDRESSX(Check If Filer's Home Address)Telegraph Title CompanyP.O. Box 125Junction, TX 76849"
X
"XFILERSPOUSEDEPENDENT CHILD______________"
""
"XFILERSPOUSEDEPENDENT CHILD______________"
""
"XFILERSPOUSEDEPENDENT CHILD______________"
X
"CATEGORYLESS THAN $5,000$5,000 - $9,999$10,000 - $24,999X$25,000 OR MORE"
X
"CATEGORYLESS THAN $5,000$5,000 - $9,999$10,000 - $24,999X$25,000 OR MORE"
""
"CATEGORYLESS THAN $5,000$5,000 - $9,999$10,000 - $24,999X$25,000 OR MORE"
""
"CATEGORYLESS THAN $5,000$5,000 - $9,999$10,000 - $24,999X$25,000 OR MORE"
""
"Describe all assets of each corporation, firm, partnership, limited partnership, limited liability partnership, professional corporation, professionalassociation, joint venture, or other business association in which you, your spouse, or a dependent child held, acquired, or sold 50 percent or moreof the outstanding ownership and indicate the category of the amount of the assets. For more information, see FORM PFS--INSTRUCTION GUIDE.When reporting information about a dependent child's activity, indicate the child about whom you are reporting by providing the number under whichthe child is listed on the Cover Sheet.",,,
"1BUSINESSASSOCIATION","NAME AND ADDRESSX(Check If Filer's Home Address)HF Ranch PartnershipP.O. Box 125Junction, TX 76849",,
"",,X,
"2BUSINESS TYPE",Partnership,,
"3HELD, ACQUIRED,OR SOLD BY","XFILERSPOUSEDEPENDENT CHILD______________",,
"",X,,
"4ASSETS","DESCRIPTIONequipment and trailer, cash on hand.","CATEGORYLESS THAN $5,000$5,000 - $9,999$10,000 - $24,999X$25,000 OR MORE",
"",,,
"",,,X
"",,,
"1BUSINESSASSOCIATION","NAME AND ADDRESS(Check If Filer's Home Address)Wendmill, L.L.C.400 W San Antonio StreetNew Braunfels , TX 78130",,
"",,,
"2BUSINESS TYPE",Other Business Association,,
"3HELD, ACQUIRED,OR SOLD BY","FILERXSPOUSEDEPENDENT CHILD______________",,
"",,X,
"4ASSETS","DESCRIPTIONfurniture, fixtures, accounts receivable and cashon hand.","CATEGORYLESS THAN $5,000$5,000 - $9,999$10,000 - $24,999X$25,000 OR MORE",
"",,,
"",X,,
"",,,
"",,,
"",,,
"NAME AND ADDRESSX(Check If Filer's Home Address)HF Ranch PartnershipP.O. Box 125Junction, TX 76849"
X
"XFILERSPOUSEDEPENDENT CHILD______________"
""
"XFILERSPOUSEDEPENDENT CHILD______________"
X
"XFILERSPOUSEDEPENDENT CHILD______________"
""
"CATEGORYLESS THAN $5,000$5,000 - $9,999$10,000 - $24,999X$25,000 OR MORE"
""
"CATEGORYLESS THAN $5,000$5,000 - $9,999$10,000 - $24,999X$25,000 OR MORE"
""
"CATEGORYLESS THAN $5,000$5,000 - $9,999$10,000 - $24,999X$25,000 OR MORE"
""
"CATEGORYLESS THAN $5,000$5,000 - $9,999$10,000 - $24,999X$25,000 OR MORE"
X
"NAME AND ADDRESS(Check If Filer's Home Address)Wendmill, L.L.C.400 W San Antonio StreetNew Braunfels , TX 78130"
""
"FILERXSPOUSEDEPENDENT CHILD______________"
X
"FILERXSPOUSEDEPENDENT CHILD______________"
""
"FILERXSPOUSEDEPENDENT CHILD______________"
""
"CATEGORYLESS THAN $5,000$5,000 - $9,999$10,000 - $24,999X$25,000 OR MORE"
X
"CATEGORYLESS THAN $5,000$5,000 - $9,999$10,000 - $24,999X$25,000 OR MORE"
""
"CATEGORYLESS THAN $5,000$5,000 - $9,999$10,000 - $24,999X$25,000 OR MORE"
""
"CATEGORYLESS THAN $5,000$5,000 - $9,999$10,000 - $24,999X$25,000 OR MORE"
""
"Describe all assets of each corporation, firm, partnership, limited partnership, limited liability partnership, professional corporation, professionalassociation, joint venture, or other business association in which you, your spouse, or a dependent child held, acquired, or sold 50 percent or moreof the outstanding ownership and indicate the category of the amount of the assets. For more information, see FORM PFS--INSTRUCTION GUIDE.When reporting information about a dependent child's activity, indicate the child about whom you are reporting by providing the number under whichthe child is listed on the Cover Sheet.",,,
"1BUSINESSASSOCIATION","NAME AND ADDRESS(Check If Filer's Home Address)Texas Blitz Strategies, L.L.C.1111 Gardenia DriveNew Braunfels, TX 78130",,
"",,,
"2BUSINESS TYPE",Other Business Association,,
"3HELD, ACQUIRED,OR SOLD BY","FILERXSPOUSEDEPENDENT CHILD______________",,
"",,X,
"4ASSETS","DESCRIPTIONfurniture, fixtures, accounts receivable and cashon hand.","CATEGORYLESS THAN $5,000$5,000 - $9,999$10,000 - $24,999X$25,000 OR MORE",
"",,,
"",X,,
"",,,
"",,,
"",,,
"NAME AND ADDRESS(Check If Filer's Home Address)Texas Blitz Strategies, L.L.C.1111 Gardenia DriveNew Braunfels, TX 78130"
""
"FILERXSPOUSEDEPENDENT CHILD______________"
""
"FILERXSPOUSEDEPENDENT CHILD______________"
X
"FILERXSPOUSEDEPENDENT CHILD______________"
""
"CATEGORYLESS THAN $5,000$5,000 - $9,999$10,000 - $24,999X$25,000 OR MORE"
""
"CATEGORYLESS THAN $5,000$5,000 - $9,999$10,000 - $24,999X$25,000 OR MORE"
""
"CATEGORYLESS THAN $5,000$5,000 - $9,999$10,000 - $24,999X$25,000 OR MORE"
""
"CATEGORYLESS THAN $5,000$5,000 - $9,999$10,000 - $24,999X$25,000 OR MORE"
X
"Describe all liabilities of each corporation, firm, partnership, limited partnership, limited liability partnership, professional corporation, professionalassociation, joint venture, or other business association in which you, your spouse, or a dependent child held, acquired, or sold 50 percent or moreof the outstanding ownership and indicate the category of the amount of the assets. For more information, see FORM PFS--INSTRUCTION GUIDE.When reporting information about a dependent child's activity, indicate the child about whom you are reporting by providing the number under whichthe child is listed on the Cover Sheet.",,,
"1BUSINESSASSOCIATION","NAME AND ADDRESSX(Check If Filer's Home Address)Telegraph Title CompanyP.O. Box 125Junction, TX 76849",,
"",,X,
"2BUSINESS TYPE",Corporation,,
"3HELD, ACQUIRED,OR SOLD BY","XFILERSPOUSEDEPENDENT CHILD______________",,
"",X,,
"4LIABILITIES","DESCRIPTIONloan from shareholder","CATEGORYLESS THAN $5,000$5,000 - $9,999$10,000 - $24,999X$25,000--OR MORE",
"",,,
"",,,X
"",,,
"1BUSINESSNAME AND ADDRESSASSOCIATIONX(Check If Filer's Home Address)Andrew MurrP.O. Box 125Junction, TX 76849",,,
"",,X,
"2BUSINESS TYPE",Other Business Association,,
"3HELD, ACQUIRED,OR SOLD BY","XFILERSPOUSEDEPENDENT CHILD______________",,
"",X,,
"4LIABILITIES","DESCRIPTIONranching","CATEGORYLESS THAN $5,000$5,000 - $9,999$10,000 - $24,999X$25,000--OR MORE",
"",,,
"",X,,
"",,,
"",,,
"",,,
"NAME AND ADDRESSX(Check If Filer's Home Address)Telegraph Title CompanyP.O. Box 125Junction, TX 76849"
X
"XFILERSPOUSEDEPENDENT CHILD______________"
""
"XFILERSPOUSEDEPENDENT CHILD______________"
X
"XFILERSPOUSEDEPENDENT CHILD______________"
""
"CATEGORYLESS THAN $5,000$5,000 - $9,999$10,000 - $24,999X$25,000--OR MORE"
""
"CATEGORYLESS THAN $5,000$5,000 - $9,999$10,000 - $24,999X$25,000--OR MORE"
""
"CATEGORYLESS THAN $5,000$5,000 - $9,999$10,000 - $24,999X$25,000--OR MORE"
X
"CATEGORYLESS THAN $5,000$5,000 - $9,999$10,000 - $24,999X$25,000--OR MORE"
""
"1BUSINESSNAME AND ADDRESSASSOCIATIONX(Check If Filer's Home Address)Andrew MurrP.O. Box 125Junction, TX 76849"
X
"XFILERSPOUSEDEPENDENT CHILD______________"
""
"XFILERSPOUSEDEPENDENT CHILD______________"
""
"XFILERSPOUSEDEPENDENT CHILD______________"
X
"CATEGORYLESS THAN $5,000$5,000 - $9,999$10,000 - $24,999X$25,000--OR MORE"
""
"CATEGORYLESS THAN $5,000$5,000 - $9,999$10,000 - $24,999X$25,000--OR MORE"
""
"CATEGORYLESS THAN $5,000$5,000 - $9,999$10,000 - $24,999X$25,000--OR MORE"
X
"CATEGORYLESS THAN $5,000$5,000 - $9,999$10,000 - $24,999X$25,000--OR MORE"
""
"Describe all liabilities of each corporation, firm, partnership, limited partnership, limited liability partnership, professional corporation, professionalassociation, joint venture, or other business association in which you, your spouse, or a dependent child held, acquired, or sold 50 percent or moreof the outstanding ownership and indicate the category of the amount of the assets. For more information, see FORM PFS--INSTRUCTION GUIDE.When reporting information about a dependent child's activity, indicate the child about whom you are reporting by providing the number under whichthe child is listed on the Cover Sheet.",,,
"1BUSINESSASSOCIATION","NAME AND ADDRESS(Check If Filer's Home Address)Texas Blitz Strategies, L.L.C.1111 Gardenia DriveNew Braunfels, TX 78130",,
"",,,
"2BUSINESS TYPE",Other Business Association,,
"3HELD, ACQUIRED,OR SOLD BY","FILERXSPOUSEDEPENDENT CHILD______________",,
"",,X,
"4LIABILITIES","DESCRIPTIONloan from shareholder","CATEGORYLESS THAN $5,000$5,000 - $9,999$10,000 - $24,999X$25,000--OR MORE",
"",,,
"",X,,
"",,,
"",,,
"",,,
"NAME AND ADDRESS(Check If Filer's Home Address)Texas Blitz Strategies, L.L.C.1111 Gardenia DriveNew Braunfels, TX 78130"
""
"FILERXSPOUSEDEPENDENT CHILD______________"
""
"FILERXSPOUSEDEPENDENT CHILD______________"
X
"FILERXSPOUSEDEPENDENT CHILD______________"
""
"CATEGORYLESS THAN $5,000$5,000 - $9,999$10,000 - $24,999X$25,000--OR MORE"
""
"CATEGORYLESS THAN $5,000$5,000 - $9,999$10,000 - $24,999X$25,000--OR MORE"
""
"CATEGORYLESS THAN $5,000$5,000 - $9,999$10,000 - $24,999X$25,000--OR MORE"
X
"CATEGORYLESS THAN $5,000$5,000 - $9,999$10,000 - $24,999X$25,000--OR MORE"
""
"List all boards of directors of which you, your spouse, or a dependent child are a member and all executive positions you, your spouse, or adependent child hold in corporations, firms, partnerships, limited partnerships, limited liability partnerships, professional corporations, professionalassociations, joint ventures, other business associations, or proprietorships, stating the name of the organization and the position held. For moreinformation, see FORM PFS--INSTRUCTION GUIDE.When reporting information about a dependent child's activity, indicate the child about whom you are reporting by providing the number under whichthe child is listed on the Cover Sheet.",,,
"1ORGANIZATION",Junction National Bank,,
"2POSITION HELD","Director, Board of Directors",,
"3POSITION HELD BY","XFILERSPOUSEDEPENDENT CHILD______________",,
"",X,,
"",,,
ORGANIZATION,Kimble County Historical Museum,,
POSITION HELD,"Member, Board of Directors",,
POSITION HELD BY,"XFILERSPOUSEDEPENDENT CHILD______________",,
"",X,,
"",,,
ORGANIZATION,Telegraph Title Company,,
POSITION HELD,"President, Treasurer and Director",,
POSITION HELD BY,"XFILERSPOUSEDEPENDENT CHILD______________",,
"",X,,
"",,,
ORGANIZATION,Kimble/Edwards Farm Bureau,,
POSITION HELD,"Member, County Board of Directors",,
POSITION HELD BY,"XFILERSPOUSEDEPENDENT CHILD______________",,
"",X,,
"",,,
ORGANIZATION,Coke R. Stevenson Memorial Corporation,,
POSITION HELD,"Secretary/Treasurer, Board of Directors",,
POSITION HELD BY,"XFILERSPOUSEDEPENDENT CHILD______________",,
"",X,,
"",,,
ORGANIZATION,Junction Boys Association,,
POSITION HELD,Secretary/Director,,
POSITION HELD BY,"XFILERSPOUSEDEPENDENT CHILD______________",,
X,,,
"",,,
"XFILERSPOUSEDEPENDENT CHILD______________"
X
"XFILERSPOUSEDEPENDENT CHILD______________"
""
"XFILERSPOUSEDEPENDENT CHILD______________"
""
"XFILERSPOUSEDEPENDENT CHILD______________"
""
"XFILERSPOUSEDEPENDENT CHILD______________"
X
"XFILERSPOUSEDEPENDENT CHILD______________"
""
"XFILERSPOUSEDEPENDENT CHILD______________"
""
"XFILERSPOUSEDEPENDENT CHILD______________"
X
"XFILERSPOUSEDEPENDENT CHILD______________"
""
"XFILERSPOUSEDEPENDENT CHILD______________"
""
"XFILERSPOUSEDEPENDENT CHILD______________"
X
"XFILERSPOUSEDEPENDENT CHILD______________"
""
"XFILERSPOUSEDEPENDENT CHILD______________"
X
"XFILERSPOUSEDEPENDENT CHILD______________"
""
"XFILERSPOUSEDEPENDENT CHILD______________"
""
"XFILERSPOUSEDEPENDENT CHILD______________"
""
"XFILERSPOUSEDEPENDENT CHILD______________"
X
"XFILERSPOUSEDEPENDENT CHILD______________"
""
"List all boards of directors of which you, your spouse, or a dependent child are a member and all executive positions you, your spouse, or adependent child hold in corporations, firms, partnerships, limited partnerships, limited liability partnerships, professional corporations, professionalassociations, joint ventures, other business associations, or proprietorships, stating the name of the organization and the position held. For moreinformation, see FORM PFS--INSTRUCTION GUIDE.When reporting information about a dependent child's activity, indicate the child about whom you are reporting by providing the number under whichthe child is listed on the Cover Sheet.",,
"1ORGANIZATION",Miler & Miller Insurance Company,
"2POSITION HELD","Secretary, Member, Board of Directors",
"3POSITION HELD BY","FILERXSPOUSEDEPENDENT CHILD______________",
"",X,
"",,
"FILERXSPOUSEDEPENDENT CHILD______________"
X
"FILERXSPOUSEDEPENDENT CHILD______________"
""
"FILERXSPOUSEDEPENDENT CHILD______________"
""
"Identify each corporation, firm, partnership, limited partnership, limited liability partnership, professional corporation, professional association, jointventure, or other business association, other than a publicly-held corporation, in which you, your spouse, or a dependent child, and a personregistered as a lobbyist under chapter 305 of the Government Code that both have an interest. For more information, see FORM PFS--INSTRUCTION GUIDE.",,
"1BUSINESS ENTITY","NAME AND ADDRESSWendmill, LLC400 W. San Antonio StreetNew Braunfels, TX 78130",
"2INTEREST HELD BY","FILERXSPOUSEDEPENDENT CHILD______________",
"",X,
"",,
"FILERXSPOUSEDEPENDENT CHILD______________"
""
"FILERXSPOUSEDEPENDENT CHILD______________"
X
"FILERXSPOUSEDEPENDENT CHILD______________"
""
"",PERSONAL FINANCIAL STATEMENT FORM PFS
"","PARTS MARKED ""NOT APPLICABLE"" BY FILER COVER SHEET"
"",PAGE 2
"","On this page, indicate any Parts of Form PFS that are not applicable to you. If you do not place a check in a box, then pages for that Part must"
"","be included in the report. If you place a check in a box, do NOT include pages for that Part in the report."
6,PARTS NOT APPLICABLE TO FILER
"",N/A Part 1A - Sources of Occupational Income
"",X N/A Part 1B - Retainers
"",N/A Part 2 - Stock
"","X N/A Part 3 - Bonds, Notes & Other Commercial Paper"
"",N/A Part 4 - Mutual Funds
"","N/A Part 5 - Income from Interest, Dividends, Royalties & Rents"
"",N/A Part 6 - Personal Notes and Lease Agreements
"",N/A Part 7A - Interests in Real Property
"",N/A Part 7B - Interests in Business Entities
"",X N/A Part 8 - Gifts
"",X N/A Part 9 - Trust Income
"",X N/A Part 10A - Blind Trusts
"",X N/A Part 10B - Trustee Statement
"",N/A Part 11A - Business Associations
"",N/A Part 11B - Assets of Business Associations
"",N/A Part 11C - Liabilities of Business Associations
"",N/A Part 12 - Boards and Executive Positions
"",X N/A Part 13 - Expenses Accepted Under Honorarium Exception
"",N/A Part 14 - Interest in Business in Common with Lobbyist
"",X N/A Part 15 - Fees Received for Services Rendered to a Lobbyist or Lobbyist's Employer
"",X N/A Part 16 - Representation by Legislator Before State Agency
"",X N/A Part 17 - Benefits Derived from Functions Honoring Public Servant
"",X N/A Part 18 - Legislative Continuances
"",X N/A Part 19 - Contracts with Governmental Entity
"",X N/A Part 20 - Bond Counsel Services Provided by a Legislator
PERSONAL FINANCIAL STATEMENT AFFIDAVIT
"The law requires the personal financial statement to be verified. Without proper verification, the statement is not considered filed."
The verification page on a personal statement filed electronically with the Texas Ethics Commission must have the electronic signature of the
individual required to file the personal financial statement.
The verification page on a personal financial statement filed with an authority other than the Texas Ethics Commission must have the signature
of the individual required to file the personal financial statement as wells as the signature and stamp or seal of office of a notary public or other
person authorized by law to administer oaths and affirmations.
"I swear, or affirm, under penalty of perjury, that this financial statement"
"covers calendar year ending December 31, 2018 , and is true and correct"
and includes all information required to be reported by me under chapter
572 of the Government Code.
The Honorable Andrew S. Murr
Signature of Filer
AFFIX NOTARY STAMP / SEAL ABOVE
"Sworn to and subscribed before me, by the said _________________________________________, this the ___________________ day"
"of___________________, 20________, to certify which, witness my hand and seal of office."
Signature of officer administering oath Printed name of officer administering oath Title of officer administering oath
